unique id        ,title        ,response option text        ,project        ,name of webform        ,language        ,question        ,question id        ,option        ,hide        ,flag        ,priority        ,status        ,section one        ,section two        ,order of response options
1,bvisa_questions_qid_1500_yes,Dummy Text for BVisa Module question 'bvisa_questions_qid_1500' option 'Yes'Dummy Text for BVisa Module question 'bvisa_questions_qid_1500' option 'Yes'Dummy Text for BVisa Module question 'bvisa_questions_qid_1500' option 'Yes'Dummy Text for BVisa Module question 'bvisa_questions_qid_1500' option 'Yes'Dummy Text for BVisa Module question 'bvisa_questions_qid_1500' option 'Yes',bvisa,bvisa_questions,en,Do you or did you ever hold a U.S. Drivers License?,bvisa_questions_qid_1500,Yes,0,0,caution,must work,NA,NA,0
2,bvisa_questions_qid_1500_no,Dummy Text for BVisa Module question 'bvisa_questions_qid_1500' option 'No'Dummy Text for BVisa Module question 'bvisa_questions_qid_1500' option 'No'Dummy Text for BVisa Module question 'bvisa_questions_qid_1500' option 'No'Dummy Text for BVisa Module question 'bvisa_questions_qid_1500' option 'No'Dummy Text for BVisa Module question 'bvisa_questions_qid_1500' option 'No',bvisa,bvisa_questions,en,Do you or did you ever hold a U.S. Drivers License?,bvisa_questions_qid_1500,No,0,0,caution,must work,NA,NA,0
3,bvisa_questions_qid_1500_unsure,Dummy Text for BVisa Module question 'bvisa_questions_qid_1500' option 'Unsure'Dummy Text for BVisa Module question 'bvisa_questions_qid_1500' option 'Unsure'Dummy Text for BVisa Module question 'bvisa_questions_qid_1500' option 'Unsure'Dummy Text for BVisa Module question 'bvisa_questions_qid_1500' option 'Unsure'Dummy Text for BVisa Module question 'bvisa_questions_qid_1500' option 'Unsure',bvisa,bvisa_questions,en,Do you or did you ever hold a U.S. Drivers License?,bvisa_questions_qid_1500,Unsure,0,0,caution,must work,NA,NA,0
4,bvisa_questions_qid_1500_i_prefer_not_to_say,Dummy Text for BVisa Module question 'bvisa_questions_qid_1500' option 'I prefer not to say'Dummy Text for BVisa Module question 'bvisa_questions_qid_1500' option 'I prefer not to say'Dummy Text for BVisa Module question 'bvisa_questions_qid_1500' option 'I prefer not to say'Dummy Text for BVisa Module question 'bvisa_questions_qid_1500' option 'I prefer not to say'Dummy Text for BVisa Module question 'bvisa_questions_qid_1500' option 'I prefer not to say',bvisa,bvisa_questions,en,Do you or did you ever hold a U.S. Drivers License?,bvisa_questions_qid_1500,I prefer not to say,0,0,caution,must work,NA,NA,0
5,bvisa_questions_qid_1550_yes,Dummy Text for BVisa Module question 'bvisa_questions_qid_1550' option 'Yes'Dummy Text for BVisa Module question 'bvisa_questions_qid_1550' option 'Yes'Dummy Text for BVisa Module question 'bvisa_questions_qid_1550' option 'Yes'Dummy Text for BVisa Module question 'bvisa_questions_qid_1550' option 'Yes'Dummy Text for BVisa Module question 'bvisa_questions_qid_1550' option 'Yes',bvisa,bvisa_questions,en,Have you ever been previously issued a Visa for the United States?,bvisa_questions_qid_1550,Yes,0,0,caution,must work,NA,NA,0
6,bvisa_questions_qid_1550_no,Dummy Text for BVisa Module question 'bvisa_questions_qid_1550' option 'No'Dummy Text for BVisa Module question 'bvisa_questions_qid_1550' option 'No'Dummy Text for BVisa Module question 'bvisa_questions_qid_1550' option 'No'Dummy Text for BVisa Module question 'bvisa_questions_qid_1550' option 'No'Dummy Text for BVisa Module question 'bvisa_questions_qid_1550' option 'No',bvisa,bvisa_questions,en,Have you ever been previously issued a Visa for the United States?,bvisa_questions_qid_1550,No,0,0,caution,must work,NA,NA,0
7,bvisa_questions_qid_1550_unsure,Dummy Text for BVisa Module question 'bvisa_questions_qid_1550' option 'Unsure'Dummy Text for BVisa Module question 'bvisa_questions_qid_1550' option 'Unsure'Dummy Text for BVisa Module question 'bvisa_questions_qid_1550' option 'Unsure'Dummy Text for BVisa Module question 'bvisa_questions_qid_1550' option 'Unsure'Dummy Text for BVisa Module question 'bvisa_questions_qid_1550' option 'Unsure',bvisa,bvisa_questions,en,Have you ever been previously issued a Visa for the United States?,bvisa_questions_qid_1550,Unsure,0,0,caution,must work,NA,NA,0
8,bvisa_questions_qid_1550_i_prefer_not_to_say,Dummy Text for BVisa Module question 'bvisa_questions_qid_1550' option 'I prefer not to say'Dummy Text for BVisa Module question 'bvisa_questions_qid_1550' option 'I prefer not to say'Dummy Text for BVisa Module question 'bvisa_questions_qid_1550' option 'I prefer not to say'Dummy Text for BVisa Module question 'bvisa_questions_qid_1550' option 'I prefer not to say'Dummy Text for BVisa Module question 'bvisa_questions_qid_1550' option 'I prefer not to say',bvisa,bvisa_questions,en,Have you ever been previously issued a Visa for the United States?,bvisa_questions_qid_1550,I prefer not to say,0,0,caution,must work,NA,NA,0
9,bvisa_questions_qid_1670_yes,Dummy Text for BVisa Module question 'bvisa_questions_qid_1670' option 'Yes'Dummy Text for BVisa Module question 'bvisa_questions_qid_1670' option 'Yes'Dummy Text for BVisa Module question 'bvisa_questions_qid_1670' option 'Yes'Dummy Text for BVisa Module question 'bvisa_questions_qid_1670' option 'Yes'Dummy Text for BVisa Module question 'bvisa_questions_qid_1670' option 'Yes',bvisa,bvisa_questions,en,Has your U.S. Visa ever been cancelled or revoked?,bvisa_questions_qid_1670,Yes,0,0,caution,must work,NA,NA,0
10,bvisa_questions_qid_1670_no,Dummy Text for BVisa Module question 'bvisa_questions_qid_1670' option 'No'Dummy Text for BVisa Module question 'bvisa_questions_qid_1670' option 'No'Dummy Text for BVisa Module question 'bvisa_questions_qid_1670' option 'No'Dummy Text for BVisa Module question 'bvisa_questions_qid_1670' option 'No'Dummy Text for BVisa Module question 'bvisa_questions_qid_1670' option 'No',bvisa,bvisa_questions,en,Has your U.S. Visa ever been cancelled or revoked?,bvisa_questions_qid_1670,No,0,0,caution,must work,NA,NA,0
11,bvisa_questions_qid_1670_unsure,Dummy Text for BVisa Module question 'bvisa_questions_qid_1670' option 'Unsure'Dummy Text for BVisa Module question 'bvisa_questions_qid_1670' option 'Unsure'Dummy Text for BVisa Module question 'bvisa_questions_qid_1670' option 'Unsure'Dummy Text for BVisa Module question 'bvisa_questions_qid_1670' option 'Unsure'Dummy Text for BVisa Module question 'bvisa_questions_qid_1670' option 'Unsure',bvisa,bvisa_questions,en,Has your U.S. Visa ever been cancelled or revoked?,bvisa_questions_qid_1670,Unsure,0,0,caution,must work,NA,NA,0
12,bvisa_questions_qid_1670_i_prefer_not_to_say,Dummy Text for BVisa Module question 'bvisa_questions_qid_1670' option 'I prefer not to say'Dummy Text for BVisa Module question 'bvisa_questions_qid_1670' option 'I prefer not to say'Dummy Text for BVisa Module question 'bvisa_questions_qid_1670' option 'I prefer not to say'Dummy Text for BVisa Module question 'bvisa_questions_qid_1670' option 'I prefer not to say'Dummy Text for BVisa Module question 'bvisa_questions_qid_1670' option 'I prefer not to say',bvisa,bvisa_questions,en,Has your U.S. Visa ever been cancelled or revoked?,bvisa_questions_qid_1670,I prefer not to say,0,0,caution,must work,NA,NA,0
13,bvisa_questions_qid_1690_yes,Dummy Text for BVisa Module question 'bvisa_questions_qid_1690' option 'Yes'Dummy Text for BVisa Module question 'bvisa_questions_qid_1690' option 'Yes'Dummy Text for BVisa Module question 'bvisa_questions_qid_1690' option 'Yes'Dummy Text for BVisa Module question 'bvisa_questions_qid_1690' option 'Yes'Dummy Text for BVisa Module question 'bvisa_questions_qid_1690' option 'Yes',bvisa,bvisa_questions,en,Have you every been refused a Visa for the United States?,bvisa_questions_qid_1690,Yes,0,0,caution,must work,NA,NA,0
14,bvisa_questions_qid_1690_no,Dummy Text for BVisa Module question 'bvisa_questions_qid_1690' option 'No'Dummy Text for BVisa Module question 'bvisa_questions_qid_1690' option 'No'Dummy Text for BVisa Module question 'bvisa_questions_qid_1690' option 'No'Dummy Text for BVisa Module question 'bvisa_questions_qid_1690' option 'No'Dummy Text for BVisa Module question 'bvisa_questions_qid_1690' option 'No',bvisa,bvisa_questions,en,Have you every been refused a Visa for the United States?,bvisa_questions_qid_1690,No,0,0,caution,must work,NA,NA,0
15,bvisa_questions_qid_1690_unsure,Dummy Text for BVisa Module question 'bvisa_questions_qid_1690' option 'Unsure'Dummy Text for BVisa Module question 'bvisa_questions_qid_1690' option 'Unsure'Dummy Text for BVisa Module question 'bvisa_questions_qid_1690' option 'Unsure'Dummy Text for BVisa Module question 'bvisa_questions_qid_1690' option 'Unsure'Dummy Text for BVisa Module question 'bvisa_questions_qid_1690' option 'Unsure',bvisa,bvisa_questions,en,Have you every been refused a Visa for the United States?,bvisa_questions_qid_1690,Unsure,0,0,caution,must work,NA,NA,0
16,bvisa_questions_qid_1690_i_prefer_not_to_say,Dummy Text for BVisa Module question 'bvisa_questions_qid_1690' option 'I prefer not to say'Dummy Text for BVisa Module question 'bvisa_questions_qid_1690' option 'I prefer not to say'Dummy Text for BVisa Module question 'bvisa_questions_qid_1690' option 'I prefer not to say'Dummy Text for BVisa Module question 'bvisa_questions_qid_1690' option 'I prefer not to say'Dummy Text for BVisa Module question 'bvisa_questions_qid_1690' option 'I prefer not to say',bvisa,bvisa_questions,en,Have you every been refused a Visa for the United States?,bvisa_questions_qid_1690,I prefer not to say,0,0,caution,must work,NA,NA,0
17,bvisa_questions_qid_1710_yes,Dummy Text for BVisa Module question 'bvisa_questions_qid_1710' option 'Yes'Dummy Text for BVisa Module question 'bvisa_questions_qid_1710' option 'Yes'Dummy Text for BVisa Module question 'bvisa_questions_qid_1710' option 'Yes'Dummy Text for BVisa Module question 'bvisa_questions_qid_1710' option 'Yes'Dummy Text for BVisa Module question 'bvisa_questions_qid_1710' option 'Yes',bvisa,bvisa_questions,en,Have you ever been denied travel on the Visa Waiver Program (VWP) ?,bvisa_questions_qid_1710,Yes,0,0,caution,must work,NA,NA,0
18,bvisa_questions_qid_1710_no,Dummy Text for BVisa Module question 'bvisa_questions_qid_1710' option 'No'Dummy Text for BVisa Module question 'bvisa_questions_qid_1710' option 'No'Dummy Text for BVisa Module question 'bvisa_questions_qid_1710' option 'No'Dummy Text for BVisa Module question 'bvisa_questions_qid_1710' option 'No'Dummy Text for BVisa Module question 'bvisa_questions_qid_1710' option 'No',bvisa,bvisa_questions,en,Have you ever been denied travel on the Visa Waiver Program (VWP) ?,bvisa_questions_qid_1710,No,0,0,caution,must work,NA,NA,0
19,bvisa_questions_qid_1710_unsure,Dummy Text for BVisa Module question 'bvisa_questions_qid_1710' option 'Unsure'Dummy Text for BVisa Module question 'bvisa_questions_qid_1710' option 'Unsure'Dummy Text for BVisa Module question 'bvisa_questions_qid_1710' option 'Unsure'Dummy Text for BVisa Module question 'bvisa_questions_qid_1710' option 'Unsure'Dummy Text for BVisa Module question 'bvisa_questions_qid_1710' option 'Unsure',bvisa,bvisa_questions,en,Have you ever been denied travel on the Visa Waiver Program (VWP) ?,bvisa_questions_qid_1710,Unsure,0,0,caution,must work,NA,NA,0
20,bvisa_questions_qid_1710_i_prefer_not_to_say,Dummy Text for BVisa Module question 'bvisa_questions_qid_1710' option 'I prefer not to say'Dummy Text for BVisa Module question 'bvisa_questions_qid_1710' option 'I prefer not to say'Dummy Text for BVisa Module question 'bvisa_questions_qid_1710' option 'I prefer not to say'Dummy Text for BVisa Module question 'bvisa_questions_qid_1710' option 'I prefer not to say'Dummy Text for BVisa Module question 'bvisa_questions_qid_1710' option 'I prefer not to say',bvisa,bvisa_questions,en,Have you ever been denied travel on the Visa Waiver Program (VWP) ?,bvisa_questions_qid_1710,I prefer not to say,0,0,caution,must work,NA,NA,0
21,bvisa_questions_qid_1730_yes,Dummy Text for BVisa Module question 'bvisa_questions_qid_1730' option 'Yes'Dummy Text for BVisa Module question 'bvisa_questions_qid_1730' option 'Yes'Dummy Text for BVisa Module question 'bvisa_questions_qid_1730' option 'Yes'Dummy Text for BVisa Module question 'bvisa_questions_qid_1730' option 'Yes'Dummy Text for BVisa Module question 'bvisa_questions_qid_1730' option 'Yes',bvisa,bvisa_questions,en,Has someone filed and IV Petition for you?,bvisa_questions_qid_1730,Yes,0,0,caution,must work,NA,NA,0
22,bvisa_questions_qid_1730_no,Dummy Text for BVisa Module question 'bvisa_questions_qid_1730' option 'No'Dummy Text for BVisa Module question 'bvisa_questions_qid_1730' option 'No'Dummy Text for BVisa Module question 'bvisa_questions_qid_1730' option 'No'Dummy Text for BVisa Module question 'bvisa_questions_qid_1730' option 'No'Dummy Text for BVisa Module question 'bvisa_questions_qid_1730' option 'No',bvisa,bvisa_questions,en,Has someone filed and IV Petition for you?,bvisa_questions_qid_1730,No,0,0,caution,must work,NA,NA,0
23,bvisa_questions_qid_1730_unsure,Dummy Text for BVisa Module question 'bvisa_questions_qid_1730' option 'Unsure'Dummy Text for BVisa Module question 'bvisa_questions_qid_1730' option 'Unsure'Dummy Text for BVisa Module question 'bvisa_questions_qid_1730' option 'Unsure'Dummy Text for BVisa Module question 'bvisa_questions_qid_1730' option 'Unsure'Dummy Text for BVisa Module question 'bvisa_questions_qid_1730' option 'Unsure',bvisa,bvisa_questions,en,Has someone filed and IV Petition for you?,bvisa_questions_qid_1730,Unsure,0,0,caution,must work,NA,NA,0
24,bvisa_questions_qid_1730_i_prefer_not_to_say,Dummy Text for BVisa Module question 'bvisa_questions_qid_1730' option 'I prefer not to say'Dummy Text for BVisa Module question 'bvisa_questions_qid_1730' option 'I prefer not to say'Dummy Text for BVisa Module question 'bvisa_questions_qid_1730' option 'I prefer not to say'Dummy Text for BVisa Module question 'bvisa_questions_qid_1730' option 'I prefer not to say'Dummy Text for BVisa Module question 'bvisa_questions_qid_1730' option 'I prefer not to say',bvisa,bvisa_questions,en,Has someone filed and IV Petition for you?,bvisa_questions_qid_1730,I prefer not to say,0,0,caution,must work,NA,NA,0
25,bvisa_questions_qid_1970_yes,Dummy Text for BVisa Module question 'bvisa_questions_qid_1970' option 'Yes'Dummy Text for BVisa Module question 'bvisa_questions_qid_1970' option 'Yes'Dummy Text for BVisa Module question 'bvisa_questions_qid_1970' option 'Yes'Dummy Text for BVisa Module question 'bvisa_questions_qid_1970' option 'Yes'Dummy Text for BVisa Module question 'bvisa_questions_qid_1970' option 'Yes',bvisa,bvisa_questions,en,Father lives in the US,bvisa_questions_qid_1970,Yes,0,0,caution,must work,NA,NA,0
26,bvisa_questions_qid_1970_no,Dummy Text for BVisa Module question 'bvisa_questions_qid_1970' option 'No'Dummy Text for BVisa Module question 'bvisa_questions_qid_1970' option 'No'Dummy Text for BVisa Module question 'bvisa_questions_qid_1970' option 'No'Dummy Text for BVisa Module question 'bvisa_questions_qid_1970' option 'No'Dummy Text for BVisa Module question 'bvisa_questions_qid_1970' option 'No',bvisa,bvisa_questions,en,Father lives in the US,bvisa_questions_qid_1970,No,0,0,caution,must work,NA,NA,0
27,bvisa_questions_qid_1970_unsure,Dummy Text for BVisa Module question 'bvisa_questions_qid_1970' option 'Unsure'Dummy Text for BVisa Module question 'bvisa_questions_qid_1970' option 'Unsure'Dummy Text for BVisa Module question 'bvisa_questions_qid_1970' option 'Unsure'Dummy Text for BVisa Module question 'bvisa_questions_qid_1970' option 'Unsure'Dummy Text for BVisa Module question 'bvisa_questions_qid_1970' option 'Unsure',bvisa,bvisa_questions,en,Father lives in the US,bvisa_questions_qid_1970,Unsure,0,0,caution,must work,NA,NA,0
28,bvisa_questions_qid_1970_i_prefer_not_to_say,Dummy Text for BVisa Module question 'bvisa_questions_qid_1970' option 'I prefer not to say'Dummy Text for BVisa Module question 'bvisa_questions_qid_1970' option 'I prefer not to say'Dummy Text for BVisa Module question 'bvisa_questions_qid_1970' option 'I prefer not to say'Dummy Text for BVisa Module question 'bvisa_questions_qid_1970' option 'I prefer not to say'Dummy Text for BVisa Module question 'bvisa_questions_qid_1970' option 'I prefer not to say',bvisa,bvisa_questions,en,Father lives in the US,bvisa_questions_qid_1970,I prefer not to say,0,0,caution,must work,NA,NA,0
29,bvisa_questions_qid_2070_yes,Dummy Text for BVisa Module question 'bvisa_questions_qid_2070' option 'Yes'Dummy Text for BVisa Module question 'bvisa_questions_qid_2070' option 'Yes'Dummy Text for BVisa Module question 'bvisa_questions_qid_2070' option 'Yes'Dummy Text for BVisa Module question 'bvisa_questions_qid_2070' option 'Yes'Dummy Text for BVisa Module question 'bvisa_questions_qid_2070' option 'Yes',bvisa,bvisa_questions,en,Does your Mother live in the US?,bvisa_questions_qid_2070,Yes,0,0,caution,must work,NA,NA,0
30,bvisa_questions_qid_2070_no,Dummy Text for BVisa Module question 'bvisa_questions_qid_2070' option 'No'Dummy Text for BVisa Module question 'bvisa_questions_qid_2070' option 'No'Dummy Text for BVisa Module question 'bvisa_questions_qid_2070' option 'No'Dummy Text for BVisa Module question 'bvisa_questions_qid_2070' option 'No'Dummy Text for BVisa Module question 'bvisa_questions_qid_2070' option 'No',bvisa,bvisa_questions,en,Does your Mother live in the US?,bvisa_questions_qid_2070,No,0,0,caution,must work,NA,NA,0
31,bvisa_questions_qid_2070_unsure,Dummy Text for BVisa Module question 'bvisa_questions_qid_2070' option 'Unsure'Dummy Text for BVisa Module question 'bvisa_questions_qid_2070' option 'Unsure'Dummy Text for BVisa Module question 'bvisa_questions_qid_2070' option 'Unsure'Dummy Text for BVisa Module question 'bvisa_questions_qid_2070' option 'Unsure'Dummy Text for BVisa Module question 'bvisa_questions_qid_2070' option 'Unsure',bvisa,bvisa_questions,en,Does your Mother live in the US?,bvisa_questions_qid_2070,Unsure,0,0,caution,must work,NA,NA,0
32,bvisa_questions_qid_2070_i_prefer_not_to_say,Dummy Text for BVisa Module question 'bvisa_questions_qid_2070' option 'I prefer not to say'Dummy Text for BVisa Module question 'bvisa_questions_qid_2070' option 'I prefer not to say'Dummy Text for BVisa Module question 'bvisa_questions_qid_2070' option 'I prefer not to say'Dummy Text for BVisa Module question 'bvisa_questions_qid_2070' option 'I prefer not to say'Dummy Text for BVisa Module question 'bvisa_questions_qid_2070' option 'I prefer not to say',bvisa,bvisa_questions,en,Does your Mother live in the US?,bvisa_questions_qid_2070,I prefer not to say,0,0,caution,must work,NA,NA,0
33,bvisa_questions_qid_2090_yes,Dummy Text for BVisa Module question 'bvisa_questions_qid_2090' option 'Yes'Dummy Text for BVisa Module question 'bvisa_questions_qid_2090' option 'Yes'Dummy Text for BVisa Module question 'bvisa_questions_qid_2090' option 'Yes'Dummy Text for BVisa Module question 'bvisa_questions_qid_2090' option 'Yes'Dummy Text for BVisa Module question 'bvisa_questions_qid_2090' option 'Yes',bvisa,bvisa_questions,en,Do you have any immediate relatives in the United States?,bvisa_questions_qid_2090,Yes,0,0,caution,must work,NA,NA,0
34,bvisa_questions_qid_2090_no,Dummy Text for BVisa Module question 'bvisa_questions_qid_2090' option 'No'Dummy Text for BVisa Module question 'bvisa_questions_qid_2090' option 'No'Dummy Text for BVisa Module question 'bvisa_questions_qid_2090' option 'No'Dummy Text for BVisa Module question 'bvisa_questions_qid_2090' option 'No'Dummy Text for BVisa Module question 'bvisa_questions_qid_2090' option 'No',bvisa,bvisa_questions,en,Do you have any immediate relatives in the United States?,bvisa_questions_qid_2090,No,0,0,caution,must work,NA,NA,0
35,bvisa_questions_qid_2090_unsure,Dummy Text for BVisa Module question 'bvisa_questions_qid_2090' option 'Unsure'Dummy Text for BVisa Module question 'bvisa_questions_qid_2090' option 'Unsure'Dummy Text for BVisa Module question 'bvisa_questions_qid_2090' option 'Unsure'Dummy Text for BVisa Module question 'bvisa_questions_qid_2090' option 'Unsure'Dummy Text for BVisa Module question 'bvisa_questions_qid_2090' option 'Unsure',bvisa,bvisa_questions,en,Do you have any immediate relatives in the United States?,bvisa_questions_qid_2090,Unsure,0,0,caution,must work,NA,NA,0
36,bvisa_questions_qid_2090_i_prefer_not_to_say,Dummy Text for BVisa Module question 'bvisa_questions_qid_2090' option 'I prefer not to say'Dummy Text for BVisa Module question 'bvisa_questions_qid_2090' option 'I prefer not to say'Dummy Text for BVisa Module question 'bvisa_questions_qid_2090' option 'I prefer not to say'Dummy Text for BVisa Module question 'bvisa_questions_qid_2090' option 'I prefer not to say'Dummy Text for BVisa Module question 'bvisa_questions_qid_2090' option 'I prefer not to say',bvisa,bvisa_questions,en,Do you have any immediate relatives in the United States?,bvisa_questions_qid_2090,I prefer not to say,0,0,caution,must work,NA,NA,0
37,bvisa_questions_qid_2140_yes,Dummy Text for BVisa Module question 'bvisa_questions_qid_2140' option 'Yes'Dummy Text for BVisa Module question 'bvisa_questions_qid_2140' option 'Yes'Dummy Text for BVisa Module question 'bvisa_questions_qid_2140' option 'Yes'Dummy Text for BVisa Module question 'bvisa_questions_qid_2140' option 'Yes'Dummy Text for BVisa Module question 'bvisa_questions_qid_2140' option 'Yes',bvisa,bvisa_questions,en,Do you have any other relatives in the United States?,bvisa_questions_qid_2140,Yes,0,0,caution,must work,NA,NA,0
38,bvisa_questions_qid_2140_no,Dummy Text for BVisa Module question 'bvisa_questions_qid_2140' option 'No'Dummy Text for BVisa Module question 'bvisa_questions_qid_2140' option 'No'Dummy Text for BVisa Module question 'bvisa_questions_qid_2140' option 'No'Dummy Text for BVisa Module question 'bvisa_questions_qid_2140' option 'No'Dummy Text for BVisa Module question 'bvisa_questions_qid_2140' option 'No',bvisa,bvisa_questions,en,Do you have any other relatives in the United States?,bvisa_questions_qid_2140,No,0,0,caution,must work,NA,NA,0
39,bvisa_questions_qid_2140_unsure,Dummy Text for BVisa Module question 'bvisa_questions_qid_2140' option 'Unsure'Dummy Text for BVisa Module question 'bvisa_questions_qid_2140' option 'Unsure'Dummy Text for BVisa Module question 'bvisa_questions_qid_2140' option 'Unsure'Dummy Text for BVisa Module question 'bvisa_questions_qid_2140' option 'Unsure'Dummy Text for BVisa Module question 'bvisa_questions_qid_2140' option 'Unsure',bvisa,bvisa_questions,en,Do you have any other relatives in the United States?,bvisa_questions_qid_2140,Unsure,0,0,caution,must work,NA,NA,0
40,bvisa_questions_qid_2140_i_prefer_not_to_say,Dummy Text for BVisa Module question 'bvisa_questions_qid_2140' option 'I prefer not to say'Dummy Text for BVisa Module question 'bvisa_questions_qid_2140' option 'I prefer not to say'Dummy Text for BVisa Module question 'bvisa_questions_qid_2140' option 'I prefer not to say'Dummy Text for BVisa Module question 'bvisa_questions_qid_2140' option 'I prefer not to say'Dummy Text for BVisa Module question 'bvisa_questions_qid_2140' option 'I prefer not to say',bvisa,bvisa_questions,en,Do you have any other relatives in the United States?,bvisa_questions_qid_2140,I prefer not to say,0,0,caution,must work,NA,NA,0
41,bvisa_questions_qid_2580_yes,Dummy Text for BVisa Module question 'bvisa_questions_qid_2580' option 'Yes'Dummy Text for BVisa Module question 'bvisa_questions_qid_2580' option 'Yes'Dummy Text for BVisa Module question 'bvisa_questions_qid_2580' option 'Yes'Dummy Text for BVisa Module question 'bvisa_questions_qid_2580' option 'Yes'Dummy Text for BVisa Module question 'bvisa_questions_qid_2580' option 'Yes',bvisa,bvisa_questions,en,Level of Education,bvisa_questions_qid_2580,Yes,0,0,caution,must work,NA,NA,0
42,bvisa_questions_qid_2580_no,Dummy Text for BVisa Module question 'bvisa_questions_qid_2580' option 'No'Dummy Text for BVisa Module question 'bvisa_questions_qid_2580' option 'No'Dummy Text for BVisa Module question 'bvisa_questions_qid_2580' option 'No'Dummy Text for BVisa Module question 'bvisa_questions_qid_2580' option 'No'Dummy Text for BVisa Module question 'bvisa_questions_qid_2580' option 'No',bvisa,bvisa_questions,en,Level of Education,bvisa_questions_qid_2580,No,0,0,caution,must work,NA,NA,0
43,bvisa_questions_qid_2580_unsure,Dummy Text for BVisa Module question 'bvisa_questions_qid_2580' option 'Unsure'Dummy Text for BVisa Module question 'bvisa_questions_qid_2580' option 'Unsure'Dummy Text for BVisa Module question 'bvisa_questions_qid_2580' option 'Unsure'Dummy Text for BVisa Module question 'bvisa_questions_qid_2580' option 'Unsure'Dummy Text for BVisa Module question 'bvisa_questions_qid_2580' option 'Unsure',bvisa,bvisa_questions,en,Level of Education,bvisa_questions_qid_2580,Unsure,0,0,caution,must work,NA,NA,0
44,bvisa_questions_qid_2580_i_prefer_not_to_say,Dummy Text for BVisa Module question 'bvisa_questions_qid_2580' option 'I prefer not to say'Dummy Text for BVisa Module question 'bvisa_questions_qid_2580' option 'I prefer not to say'Dummy Text for BVisa Module question 'bvisa_questions_qid_2580' option 'I prefer not to say'Dummy Text for BVisa Module question 'bvisa_questions_qid_2580' option 'I prefer not to say'Dummy Text for BVisa Module question 'bvisa_questions_qid_2580' option 'I prefer not to say',bvisa,bvisa_questions,en,Level of Education,bvisa_questions_qid_2580,I prefer not to say,0,0,caution,must work,NA,NA,0
45,bvisa_questions_qid_2760_yes,Dummy Text for BVisa Module question 'bvisa_questions_qid_2760' option 'Yes'Dummy Text for BVisa Module question 'bvisa_questions_qid_2760' option 'Yes'Dummy Text for BVisa Module question 'bvisa_questions_qid_2760' option 'Yes'Dummy Text for BVisa Module question 'bvisa_questions_qid_2760' option 'Yes'Dummy Text for BVisa Module question 'bvisa_questions_qid_2760' option 'Yes',bvisa,bvisa_questions,en,Clan or Tribe,bvisa_questions_qid_2760,Yes,0,0,caution,must work,NA,NA,0
46,bvisa_questions_qid_2760_no,Dummy Text for BVisa Module question 'bvisa_questions_qid_2760' option 'No'Dummy Text for BVisa Module question 'bvisa_questions_qid_2760' option 'No'Dummy Text for BVisa Module question 'bvisa_questions_qid_2760' option 'No'Dummy Text for BVisa Module question 'bvisa_questions_qid_2760' option 'No'Dummy Text for BVisa Module question 'bvisa_questions_qid_2760' option 'No',bvisa,bvisa_questions,en,Clan or Tribe,bvisa_questions_qid_2760,No,0,0,caution,must work,NA,NA,0
47,bvisa_questions_qid_2760_unsure,Dummy Text for BVisa Module question 'bvisa_questions_qid_2760' option 'Unsure'Dummy Text for BVisa Module question 'bvisa_questions_qid_2760' option 'Unsure'Dummy Text for BVisa Module question 'bvisa_questions_qid_2760' option 'Unsure'Dummy Text for BVisa Module question 'bvisa_questions_qid_2760' option 'Unsure'Dummy Text for BVisa Module question 'bvisa_questions_qid_2760' option 'Unsure',bvisa,bvisa_questions,en,Clan or Tribe,bvisa_questions_qid_2760,Unsure,0,0,caution,must work,NA,NA,0
48,bvisa_questions_qid_2760_i_prefer_not_to_say,Dummy Text for BVisa Module question 'bvisa_questions_qid_2760' option 'I prefer not to say'Dummy Text for BVisa Module question 'bvisa_questions_qid_2760' option 'I prefer not to say'Dummy Text for BVisa Module question 'bvisa_questions_qid_2760' option 'I prefer not to say'Dummy Text for BVisa Module question 'bvisa_questions_qid_2760' option 'I prefer not to say'Dummy Text for BVisa Module question 'bvisa_questions_qid_2760' option 'I prefer not to say',bvisa,bvisa_questions,en,Clan or Tribe,bvisa_questions_qid_2760,I prefer not to say,0,0,caution,must work,NA,NA,0
49,bvisa_questions_qid_2800_yes,Dummy Text for BVisa Module question 'bvisa_questions_qid_2800' option 'Yes'Dummy Text for BVisa Module question 'bvisa_questions_qid_2800' option 'Yes'Dummy Text for BVisa Module question 'bvisa_questions_qid_2800' option 'Yes'Dummy Text for BVisa Module question 'bvisa_questions_qid_2800' option 'Yes'Dummy Text for BVisa Module question 'bvisa_questions_qid_2800' option 'Yes',bvisa,bvisa_questions,en,Countries Visited,bvisa_questions_qid_2800,Yes,0,0,caution,must work,NA,NA,0
50,bvisa_questions_qid_2800_no,Dummy Text for BVisa Module question 'bvisa_questions_qid_2800' option 'No'Dummy Text for BVisa Module question 'bvisa_questions_qid_2800' option 'No'Dummy Text for BVisa Module question 'bvisa_questions_qid_2800' option 'No'Dummy Text for BVisa Module question 'bvisa_questions_qid_2800' option 'No'Dummy Text for BVisa Module question 'bvisa_questions_qid_2800' option 'No',bvisa,bvisa_questions,en,Countries Visited,bvisa_questions_qid_2800,No,0,0,caution,must work,NA,NA,0
51,bvisa_questions_qid_2800_unsure,Dummy Text for BVisa Module question 'bvisa_questions_qid_2800' option 'Unsure'Dummy Text for BVisa Module question 'bvisa_questions_qid_2800' option 'Unsure'Dummy Text for BVisa Module question 'bvisa_questions_qid_2800' option 'Unsure'Dummy Text for BVisa Module question 'bvisa_questions_qid_2800' option 'Unsure'Dummy Text for BVisa Module question 'bvisa_questions_qid_2800' option 'Unsure',bvisa,bvisa_questions,en,Countries Visited,bvisa_questions_qid_2800,Unsure,0,0,caution,must work,NA,NA,0
52,bvisa_questions_qid_2800_i_prefer_not_to_say,Dummy Text for BVisa Module question 'bvisa_questions_qid_2800' option 'I prefer not to say'Dummy Text for BVisa Module question 'bvisa_questions_qid_2800' option 'I prefer not to say'Dummy Text for BVisa Module question 'bvisa_questions_qid_2800' option 'I prefer not to say'Dummy Text for BVisa Module question 'bvisa_questions_qid_2800' option 'I prefer not to say'Dummy Text for BVisa Module question 'bvisa_questions_qid_2800' option 'I prefer not to say',bvisa,bvisa_questions,en,Countries Visited,bvisa_questions_qid_2800,I prefer not to say,0,0,caution,must work,NA,NA,0
53,bvisa_questions_qid_2830_yes,Dummy Text for BVisa Module question 'bvisa_questions_qid_2830' option 'Yes'Dummy Text for BVisa Module question 'bvisa_questions_qid_2830' option 'Yes'Dummy Text for BVisa Module question 'bvisa_questions_qid_2830' option 'Yes'Dummy Text for BVisa Module question 'bvisa_questions_qid_2830' option 'Yes'Dummy Text for BVisa Module question 'bvisa_questions_qid_2830' option 'Yes',bvisa,bvisa_questions,en,Do you belonged any organizations?,bvisa_questions_qid_2830,Yes,0,0,caution,must work,NA,NA,0
54,bvisa_questions_qid_2830_no,Dummy Text for BVisa Module question 'bvisa_questions_qid_2830' option 'No'Dummy Text for BVisa Module question 'bvisa_questions_qid_2830' option 'No'Dummy Text for BVisa Module question 'bvisa_questions_qid_2830' option 'No'Dummy Text for BVisa Module question 'bvisa_questions_qid_2830' option 'No'Dummy Text for BVisa Module question 'bvisa_questions_qid_2830' option 'No',bvisa,bvisa_questions,en,Do you belonged any organizations?,bvisa_questions_qid_2830,No,0,0,caution,must work,NA,NA,0
55,bvisa_questions_qid_2830_unsure,Dummy Text for BVisa Module question 'bvisa_questions_qid_2830' option 'Unsure'Dummy Text for BVisa Module question 'bvisa_questions_qid_2830' option 'Unsure'Dummy Text for BVisa Module question 'bvisa_questions_qid_2830' option 'Unsure'Dummy Text for BVisa Module question 'bvisa_questions_qid_2830' option 'Unsure'Dummy Text for BVisa Module question 'bvisa_questions_qid_2830' option 'Unsure',bvisa,bvisa_questions,en,Do you belonged any organizations?,bvisa_questions_qid_2830,Unsure,0,0,caution,must work,NA,NA,0
56,bvisa_questions_qid_2830_i_prefer_not_to_say,Dummy Text for BVisa Module question 'bvisa_questions_qid_2830' option 'I prefer not to say'Dummy Text for BVisa Module question 'bvisa_questions_qid_2830' option 'I prefer not to say'Dummy Text for BVisa Module question 'bvisa_questions_qid_2830' option 'I prefer not to say'Dummy Text for BVisa Module question 'bvisa_questions_qid_2830' option 'I prefer not to say'Dummy Text for BVisa Module question 'bvisa_questions_qid_2830' option 'I prefer not to say',bvisa,bvisa_questions,en,Do you belonged any organizations?,bvisa_questions_qid_2830,I prefer not to say,0,0,caution,must work,NA,NA,0
57,bvisa_questions_qid_2860_yes,Dummy Text for BVisa Module question 'bvisa_questions_qid_2860' option 'Yes'Dummy Text for BVisa Module question 'bvisa_questions_qid_2860' option 'Yes'Dummy Text for BVisa Module question 'bvisa_questions_qid_2860' option 'Yes'Dummy Text for BVisa Module question 'bvisa_questions_qid_2860' option 'Yes'Dummy Text for BVisa Module question 'bvisa_questions_qid_2860' option 'Yes',bvisa,bvisa_questions,en,Do you have any specialized skills?,bvisa_questions_qid_2860,Yes,0,0,caution,must work,NA,NA,0
58,bvisa_questions_qid_2860_no,Dummy Text for BVisa Module question 'bvisa_questions_qid_2860' option 'No'Dummy Text for BVisa Module question 'bvisa_questions_qid_2860' option 'No'Dummy Text for BVisa Module question 'bvisa_questions_qid_2860' option 'No'Dummy Text for BVisa Module question 'bvisa_questions_qid_2860' option 'No'Dummy Text for BVisa Module question 'bvisa_questions_qid_2860' option 'No',bvisa,bvisa_questions,en,Do you have any specialized skills?,bvisa_questions_qid_2860,No,0,0,caution,must work,NA,NA,0
59,bvisa_questions_qid_2860_unsure,Dummy Text for BVisa Module question 'bvisa_questions_qid_2860' option 'Unsure'Dummy Text for BVisa Module question 'bvisa_questions_qid_2860' option 'Unsure'Dummy Text for BVisa Module question 'bvisa_questions_qid_2860' option 'Unsure'Dummy Text for BVisa Module question 'bvisa_questions_qid_2860' option 'Unsure'Dummy Text for BVisa Module question 'bvisa_questions_qid_2860' option 'Unsure',bvisa,bvisa_questions,en,Do you have any specialized skills?,bvisa_questions_qid_2860,Unsure,0,0,caution,must work,NA,NA,0
60,bvisa_questions_qid_2860_i_prefer_not_to_say,Dummy Text for BVisa Module question 'bvisa_questions_qid_2860' option 'I prefer not to say'Dummy Text for BVisa Module question 'bvisa_questions_qid_2860' option 'I prefer not to say'Dummy Text for BVisa Module question 'bvisa_questions_qid_2860' option 'I prefer not to say'Dummy Text for BVisa Module question 'bvisa_questions_qid_2860' option 'I prefer not to say'Dummy Text for BVisa Module question 'bvisa_questions_qid_2860' option 'I prefer not to say',bvisa,bvisa_questions,en,Do you have any specialized skills?,bvisa_questions_qid_2860,I prefer not to say,0,0,caution,must work,NA,NA,0
61,bvisa_questions_qid_2880_yes,Dummy Text for BVisa Module question 'bvisa_questions_qid_2880' option 'Yes'Dummy Text for BVisa Module question 'bvisa_questions_qid_2880' option 'Yes'Dummy Text for BVisa Module question 'bvisa_questions_qid_2880' option 'Yes'Dummy Text for BVisa Module question 'bvisa_questions_qid_2880' option 'Yes'Dummy Text for BVisa Module question 'bvisa_questions_qid_2880' option 'Yes',bvisa,bvisa_questions,en,Have you done military service?,bvisa_questions_qid_2880,Yes,0,0,caution,must work,NA,NA,0
62,bvisa_questions_qid_2880_no,Dummy Text for BVisa Module question 'bvisa_questions_qid_2880' option 'No'Dummy Text for BVisa Module question 'bvisa_questions_qid_2880' option 'No'Dummy Text for BVisa Module question 'bvisa_questions_qid_2880' option 'No'Dummy Text for BVisa Module question 'bvisa_questions_qid_2880' option 'No'Dummy Text for BVisa Module question 'bvisa_questions_qid_2880' option 'No',bvisa,bvisa_questions,en,Have you done military service?,bvisa_questions_qid_2880,No,0,0,caution,must work,NA,NA,0
63,bvisa_questions_qid_2880_unsure,Dummy Text for BVisa Module question 'bvisa_questions_qid_2880' option 'Unsure'Dummy Text for BVisa Module question 'bvisa_questions_qid_2880' option 'Unsure'Dummy Text for BVisa Module question 'bvisa_questions_qid_2880' option 'Unsure'Dummy Text for BVisa Module question 'bvisa_questions_qid_2880' option 'Unsure'Dummy Text for BVisa Module question 'bvisa_questions_qid_2880' option 'Unsure',bvisa,bvisa_questions,en,Have you done military service?,bvisa_questions_qid_2880,Unsure,0,0,caution,must work,NA,NA,0
64,bvisa_questions_qid_2880_i_prefer_not_to_say,Dummy Text for BVisa Module question 'bvisa_questions_qid_2880' option 'I prefer not to say'Dummy Text for BVisa Module question 'bvisa_questions_qid_2880' option 'I prefer not to say'Dummy Text for BVisa Module question 'bvisa_questions_qid_2880' option 'I prefer not to say'Dummy Text for BVisa Module question 'bvisa_questions_qid_2880' option 'I prefer not to say'Dummy Text for BVisa Module question 'bvisa_questions_qid_2880' option 'I prefer not to say',bvisa,bvisa_questions,en,Have you done military service?,bvisa_questions_qid_2880,I prefer not to say,0,0,caution,must work,NA,NA,0
65,bvisa_questions_qid_3010_yes,Dummy Text for BVisa Module question 'bvisa_questions_qid_3010' option 'Yes'Dummy Text for BVisa Module question 'bvisa_questions_qid_3010' option 'Yes'Dummy Text for BVisa Module question 'bvisa_questions_qid_3010' option 'Yes'Dummy Text for BVisa Module question 'bvisa_questions_qid_3010' option 'Yes'Dummy Text for BVisa Module question 'bvisa_questions_qid_3010' option 'Yes',bvisa,bvisa_questions,en,Have you ever been a member of an member of insurgent organization?,bvisa_questions_qid_3010,Yes,0,0,caution,must work,NA,NA,0
66,bvisa_questions_qid_3010_no,Dummy Text for BVisa Module question 'bvisa_questions_qid_3010' option 'No'Dummy Text for BVisa Module question 'bvisa_questions_qid_3010' option 'No'Dummy Text for BVisa Module question 'bvisa_questions_qid_3010' option 'No'Dummy Text for BVisa Module question 'bvisa_questions_qid_3010' option 'No'Dummy Text for BVisa Module question 'bvisa_questions_qid_3010' option 'No',bvisa,bvisa_questions,en,Have you ever been a member of an member of insurgent organization?,bvisa_questions_qid_3010,No,0,0,caution,must work,NA,NA,0
67,bvisa_questions_qid_3010_unsure,Dummy Text for BVisa Module question 'bvisa_questions_qid_3010' option 'Unsure'Dummy Text for BVisa Module question 'bvisa_questions_qid_3010' option 'Unsure'Dummy Text for BVisa Module question 'bvisa_questions_qid_3010' option 'Unsure'Dummy Text for BVisa Module question 'bvisa_questions_qid_3010' option 'Unsure'Dummy Text for BVisa Module question 'bvisa_questions_qid_3010' option 'Unsure',bvisa,bvisa_questions,en,Have you ever been a member of an member of insurgent organization?,bvisa_questions_qid_3010,Unsure,0,0,caution,must work,NA,NA,0
68,bvisa_questions_qid_3010_i_prefer_not_to_say,Dummy Text for BVisa Module question 'bvisa_questions_qid_3010' option 'I prefer not to say'Dummy Text for BVisa Module question 'bvisa_questions_qid_3010' option 'I prefer not to say'Dummy Text for BVisa Module question 'bvisa_questions_qid_3010' option 'I prefer not to say'Dummy Text for BVisa Module question 'bvisa_questions_qid_3010' option 'I prefer not to say'Dummy Text for BVisa Module question 'bvisa_questions_qid_3010' option 'I prefer not to say',bvisa,bvisa_questions,en,Have you ever been a member of an member of insurgent organization?,bvisa_questions_qid_3010,I prefer not to say,0,0,caution,must work,NA,NA,0
69,bvisa_questions_qid_3030_yes,Dummy Text for BVisa Module question 'bvisa_questions_qid_3030' option 'Yes'Dummy Text for BVisa Module question 'bvisa_questions_qid_3030' option 'Yes'Dummy Text for BVisa Module question 'bvisa_questions_qid_3030' option 'Yes'Dummy Text for BVisa Module question 'bvisa_questions_qid_3030' option 'Yes'Dummy Text for BVisa Module question 'bvisa_questions_qid_3030' option 'Yes',bvisa,bvisa_questions,en,Do you have any communicable disease?,bvisa_questions_qid_3030,Yes,0,0,caution,must work,NA,NA,0
70,bvisa_questions_qid_3030_no,Dummy Text for BVisa Module question 'bvisa_questions_qid_3030' option 'No'Dummy Text for BVisa Module question 'bvisa_questions_qid_3030' option 'No'Dummy Text for BVisa Module question 'bvisa_questions_qid_3030' option 'No'Dummy Text for BVisa Module question 'bvisa_questions_qid_3030' option 'No'Dummy Text for BVisa Module question 'bvisa_questions_qid_3030' option 'No',bvisa,bvisa_questions,en,Do you have any communicable disease?,bvisa_questions_qid_3030,No,0,0,caution,must work,NA,NA,0
71,bvisa_questions_qid_3030_unsure,Dummy Text for BVisa Module question 'bvisa_questions_qid_3030' option 'Unsure'Dummy Text for BVisa Module question 'bvisa_questions_qid_3030' option 'Unsure'Dummy Text for BVisa Module question 'bvisa_questions_qid_3030' option 'Unsure'Dummy Text for BVisa Module question 'bvisa_questions_qid_3030' option 'Unsure'Dummy Text for BVisa Module question 'bvisa_questions_qid_3030' option 'Unsure',bvisa,bvisa_questions,en,Do you have any communicable disease?,bvisa_questions_qid_3030,Unsure,0,0,caution,must work,NA,NA,0
72,bvisa_questions_qid_3030_i_prefer_not_to_say,Dummy Text for BVisa Module question 'bvisa_questions_qid_3030' option 'I prefer not to say'Dummy Text for BVisa Module question 'bvisa_questions_qid_3030' option 'I prefer not to say'Dummy Text for BVisa Module question 'bvisa_questions_qid_3030' option 'I prefer not to say'Dummy Text for BVisa Module question 'bvisa_questions_qid_3030' option 'I prefer not to say'Dummy Text for BVisa Module question 'bvisa_questions_qid_3030' option 'I prefer not to say',bvisa,bvisa_questions,en,Do you have any communicable disease?,bvisa_questions_qid_3030,I prefer not to say,0,0,caution,must work,NA,NA,0
73,bvisa_questions_qid_3050_yes,Dummy Text for BVisa Module question 'bvisa_questions_qid_3050' option 'Yes'Dummy Text for BVisa Module question 'bvisa_questions_qid_3050' option 'Yes'Dummy Text for BVisa Module question 'bvisa_questions_qid_3050' option 'Yes'Dummy Text for BVisa Module question 'bvisa_questions_qid_3050' option 'Yes'Dummy Text for BVisa Module question 'bvisa_questions_qid_3050' option 'Yes',bvisa,bvisa_questions,en,Do you have any mental or physical disorders?,bvisa_questions_qid_3050,Yes,0,0,caution,must work,NA,NA,0
74,bvisa_questions_qid_3050_no,Dummy Text for BVisa Module question 'bvisa_questions_qid_3050' option 'No'Dummy Text for BVisa Module question 'bvisa_questions_qid_3050' option 'No'Dummy Text for BVisa Module question 'bvisa_questions_qid_3050' option 'No'Dummy Text for BVisa Module question 'bvisa_questions_qid_3050' option 'No'Dummy Text for BVisa Module question 'bvisa_questions_qid_3050' option 'No',bvisa,bvisa_questions,en,Do you have any mental or physical disorders?,bvisa_questions_qid_3050,No,0,0,caution,must work,NA,NA,0
75,bvisa_questions_qid_3050_unsure,Dummy Text for BVisa Module question 'bvisa_questions_qid_3050' option 'Unsure'Dummy Text for BVisa Module question 'bvisa_questions_qid_3050' option 'Unsure'Dummy Text for BVisa Module question 'bvisa_questions_qid_3050' option 'Unsure'Dummy Text for BVisa Module question 'bvisa_questions_qid_3050' option 'Unsure'Dummy Text for BVisa Module question 'bvisa_questions_qid_3050' option 'Unsure',bvisa,bvisa_questions,en,Do you have any mental or physical disorders?,bvisa_questions_qid_3050,Unsure,0,0,caution,must work,NA,NA,0
76,bvisa_questions_qid_3050_i_prefer_not_to_say,Dummy Text for BVisa Module question 'bvisa_questions_qid_3050' option 'I prefer not to say'Dummy Text for BVisa Module question 'bvisa_questions_qid_3050' option 'I prefer not to say'Dummy Text for BVisa Module question 'bvisa_questions_qid_3050' option 'I prefer not to say'Dummy Text for BVisa Module question 'bvisa_questions_qid_3050' option 'I prefer not to say'Dummy Text for BVisa Module question 'bvisa_questions_qid_3050' option 'I prefer not to say',bvisa,bvisa_questions,en,Do you have any mental or physical disorders?,bvisa_questions_qid_3050,I prefer not to say,0,0,caution,must work,NA,NA,0
77,bvisa_questions_qid_3070_yes,Dummy Text for BVisa Module question 'bvisa_questions_qid_3070' option 'Yes'Dummy Text for BVisa Module question 'bvisa_questions_qid_3070' option 'Yes'Dummy Text for BVisa Module question 'bvisa_questions_qid_3070' option 'Yes'Dummy Text for BVisa Module question 'bvisa_questions_qid_3070' option 'Yes'Dummy Text for BVisa Module question 'bvisa_questions_qid_3070' option 'Yes',bvisa,bvisa_questions,en,Are you a drug abuser or addict?,bvisa_questions_qid_3070,Yes,0,0,caution,must work,NA,NA,0
78,bvisa_questions_qid_3070_no,Dummy Text for BVisa Module question 'bvisa_questions_qid_3070' option 'No'Dummy Text for BVisa Module question 'bvisa_questions_qid_3070' option 'No'Dummy Text for BVisa Module question 'bvisa_questions_qid_3070' option 'No'Dummy Text for BVisa Module question 'bvisa_questions_qid_3070' option 'No'Dummy Text for BVisa Module question 'bvisa_questions_qid_3070' option 'No',bvisa,bvisa_questions,en,Are you a drug abuser or addict?,bvisa_questions_qid_3070,No,0,0,caution,must work,NA,NA,0
79,bvisa_questions_qid_3070_unsure,Dummy Text for BVisa Module question 'bvisa_questions_qid_3070' option 'Unsure'Dummy Text for BVisa Module question 'bvisa_questions_qid_3070' option 'Unsure'Dummy Text for BVisa Module question 'bvisa_questions_qid_3070' option 'Unsure'Dummy Text for BVisa Module question 'bvisa_questions_qid_3070' option 'Unsure'Dummy Text for BVisa Module question 'bvisa_questions_qid_3070' option 'Unsure',bvisa,bvisa_questions,en,Are you a drug abuser or addict?,bvisa_questions_qid_3070,Unsure,0,0,caution,must work,NA,NA,0
80,bvisa_questions_qid_3070_i_prefer_not_to_say,Dummy Text for BVisa Module question 'bvisa_questions_qid_3070' option 'I prefer not to say'Dummy Text for BVisa Module question 'bvisa_questions_qid_3070' option 'I prefer not to say'Dummy Text for BVisa Module question 'bvisa_questions_qid_3070' option 'I prefer not to say'Dummy Text for BVisa Module question 'bvisa_questions_qid_3070' option 'I prefer not to say'Dummy Text for BVisa Module question 'bvisa_questions_qid_3070' option 'I prefer not to say',bvisa,bvisa_questions,en,Are you a drug abuser or addict?,bvisa_questions_qid_3070,I prefer not to say,0,0,caution,must work,NA,NA,0
81,bvisa_questions_qid_3090_yes,Dummy Text for BVisa Module question 'bvisa_questions_qid_3090' option 'Yes'Dummy Text for BVisa Module question 'bvisa_questions_qid_3090' option 'Yes'Dummy Text for BVisa Module question 'bvisa_questions_qid_3090' option 'Yes'Dummy Text for BVisa Module question 'bvisa_questions_qid_3090' option 'Yes'Dummy Text for BVisa Module question 'bvisa_questions_qid_3090' option 'Yes',bvisa,bvisa_questions,en,Have you ever been arrested or convicted for any offense or crime?,bvisa_questions_qid_3090,Yes,0,0,caution,must work,NA,NA,0
82,bvisa_questions_qid_3090_no,Dummy Text for BVisa Module question 'bvisa_questions_qid_3090' option 'No'Dummy Text for BVisa Module question 'bvisa_questions_qid_3090' option 'No'Dummy Text for BVisa Module question 'bvisa_questions_qid_3090' option 'No'Dummy Text for BVisa Module question 'bvisa_questions_qid_3090' option 'No'Dummy Text for BVisa Module question 'bvisa_questions_qid_3090' option 'No',bvisa,bvisa_questions,en,Have you ever been arrested or convicted for any offense or crime?,bvisa_questions_qid_3090,No,0,0,caution,must work,NA,NA,0
83,bvisa_questions_qid_3090_unsure,Dummy Text for BVisa Module question 'bvisa_questions_qid_3090' option 'Unsure'Dummy Text for BVisa Module question 'bvisa_questions_qid_3090' option 'Unsure'Dummy Text for BVisa Module question 'bvisa_questions_qid_3090' option 'Unsure'Dummy Text for BVisa Module question 'bvisa_questions_qid_3090' option 'Unsure'Dummy Text for BVisa Module question 'bvisa_questions_qid_3090' option 'Unsure',bvisa,bvisa_questions,en,Have you ever been arrested or convicted for any offense or crime?,bvisa_questions_qid_3090,Unsure,0,0,caution,must work,NA,NA,0
84,bvisa_questions_qid_3090_i_prefer_not_to_say,Dummy Text for BVisa Module question 'bvisa_questions_qid_3090' option 'I prefer not to say'Dummy Text for BVisa Module question 'bvisa_questions_qid_3090' option 'I prefer not to say'Dummy Text for BVisa Module question 'bvisa_questions_qid_3090' option 'I prefer not to say'Dummy Text for BVisa Module question 'bvisa_questions_qid_3090' option 'I prefer not to say'Dummy Text for BVisa Module question 'bvisa_questions_qid_3090' option 'I prefer not to say',bvisa,bvisa_questions,en,Have you ever been arrested or convicted for any offense or crime?,bvisa_questions_qid_3090,I prefer not to say,0,0,caution,must work,NA,NA,0
85,bvisa_questions_qid_3110_yes,Dummy Text for BVisa Module question 'bvisa_questions_qid_3110' option 'Yes'Dummy Text for BVisa Module question 'bvisa_questions_qid_3110' option 'Yes'Dummy Text for BVisa Module question 'bvisa_questions_qid_3110' option 'Yes'Dummy Text for BVisa Module question 'bvisa_questions_qid_3110' option 'Yes'Dummy Text for BVisa Module question 'bvisa_questions_qid_3110' option 'Yes',bvisa,bvisa_questions,en,controlled substances,bvisa_questions_qid_3110,Yes,0,0,caution,must work,NA,NA,0
86,bvisa_questions_qid_3110_no,Dummy Text for BVisa Module question 'bvisa_questions_qid_3110' option 'No'Dummy Text for BVisa Module question 'bvisa_questions_qid_3110' option 'No'Dummy Text for BVisa Module question 'bvisa_questions_qid_3110' option 'No'Dummy Text for BVisa Module question 'bvisa_questions_qid_3110' option 'No'Dummy Text for BVisa Module question 'bvisa_questions_qid_3110' option 'No',bvisa,bvisa_questions,en,controlled substances,bvisa_questions_qid_3110,No,0,0,caution,must work,NA,NA,0
87,bvisa_questions_qid_3110_unsure,Dummy Text for BVisa Module question 'bvisa_questions_qid_3110' option 'Unsure'Dummy Text for BVisa Module question 'bvisa_questions_qid_3110' option 'Unsure'Dummy Text for BVisa Module question 'bvisa_questions_qid_3110' option 'Unsure'Dummy Text for BVisa Module question 'bvisa_questions_qid_3110' option 'Unsure'Dummy Text for BVisa Module question 'bvisa_questions_qid_3110' option 'Unsure',bvisa,bvisa_questions,en,controlled substances,bvisa_questions_qid_3110,Unsure,0,0,caution,must work,NA,NA,0
88,bvisa_questions_qid_3110_i_prefer_not_to_say,Dummy Text for BVisa Module question 'bvisa_questions_qid_3110' option 'I prefer not to say'Dummy Text for BVisa Module question 'bvisa_questions_qid_3110' option 'I prefer not to say'Dummy Text for BVisa Module question 'bvisa_questions_qid_3110' option 'I prefer not to say'Dummy Text for BVisa Module question 'bvisa_questions_qid_3110' option 'I prefer not to say'Dummy Text for BVisa Module question 'bvisa_questions_qid_3110' option 'I prefer not to say',bvisa,bvisa_questions,en,controlled substances,bvisa_questions_qid_3110,I prefer not to say,0,0,caution,must work,NA,NA,0
89,bvisa_questions_qid_3130_yes,Dummy Text for BVisa Module question 'bvisa_questions_qid_3130' option 'Yes'Dummy Text for BVisa Module question 'bvisa_questions_qid_3130' option 'Yes'Dummy Text for BVisa Module question 'bvisa_questions_qid_3130' option 'Yes'Dummy Text for BVisa Module question 'bvisa_questions_qid_3130' option 'Yes'Dummy Text for BVisa Module question 'bvisa_questions_qid_3130' option 'Yes',bvisa,bvisa_questions,en,Engage in prostitution,bvisa_questions_qid_3130,Yes,0,0,caution,must work,NA,NA,0
90,bvisa_questions_qid_3130_no,Dummy Text for BVisa Module question 'bvisa_questions_qid_3130' option 'No'Dummy Text for BVisa Module question 'bvisa_questions_qid_3130' option 'No'Dummy Text for BVisa Module question 'bvisa_questions_qid_3130' option 'No'Dummy Text for BVisa Module question 'bvisa_questions_qid_3130' option 'No'Dummy Text for BVisa Module question 'bvisa_questions_qid_3130' option 'No',bvisa,bvisa_questions,en,Engage in prostitution,bvisa_questions_qid_3130,No,0,0,caution,must work,NA,NA,0
91,bvisa_questions_qid_3130_unsure,Dummy Text for BVisa Module question 'bvisa_questions_qid_3130' option 'Unsure'Dummy Text for BVisa Module question 'bvisa_questions_qid_3130' option 'Unsure'Dummy Text for BVisa Module question 'bvisa_questions_qid_3130' option 'Unsure'Dummy Text for BVisa Module question 'bvisa_questions_qid_3130' option 'Unsure'Dummy Text for BVisa Module question 'bvisa_questions_qid_3130' option 'Unsure',bvisa,bvisa_questions,en,Engage in prostitution,bvisa_questions_qid_3130,Unsure,0,0,caution,must work,NA,NA,0
92,bvisa_questions_qid_3130_i_prefer_not_to_say,Dummy Text for BVisa Module question 'bvisa_questions_qid_3130' option 'I prefer not to say'Dummy Text for BVisa Module question 'bvisa_questions_qid_3130' option 'I prefer not to say'Dummy Text for BVisa Module question 'bvisa_questions_qid_3130' option 'I prefer not to say'Dummy Text for BVisa Module question 'bvisa_questions_qid_3130' option 'I prefer not to say'Dummy Text for BVisa Module question 'bvisa_questions_qid_3130' option 'I prefer not to say',bvisa,bvisa_questions,en,Engage in prostitution,bvisa_questions_qid_3130,I prefer not to say,0,0,caution,must work,NA,NA,0
93,bvisa_questions_qid_3150_yes,Dummy Text for BVisa Module question 'bvisa_questions_qid_3150' option 'Yes'Dummy Text for BVisa Module question 'bvisa_questions_qid_3150' option 'Yes'Dummy Text for BVisa Module question 'bvisa_questions_qid_3150' option 'Yes'Dummy Text for BVisa Module question 'bvisa_questions_qid_3150' option 'Yes'Dummy Text for BVisa Module question 'bvisa_questions_qid_3150' option 'Yes',bvisa,bvisa_questions,en,Money Laundering,bvisa_questions_qid_3150,Yes,0,0,caution,must work,NA,NA,0
94,bvisa_questions_qid_3150_no,Dummy Text for BVisa Module question 'bvisa_questions_qid_3150' option 'No'Dummy Text for BVisa Module question 'bvisa_questions_qid_3150' option 'No'Dummy Text for BVisa Module question 'bvisa_questions_qid_3150' option 'No'Dummy Text for BVisa Module question 'bvisa_questions_qid_3150' option 'No'Dummy Text for BVisa Module question 'bvisa_questions_qid_3150' option 'No',bvisa,bvisa_questions,en,Money Laundering,bvisa_questions_qid_3150,No,0,0,caution,must work,NA,NA,0
95,bvisa_questions_qid_3150_unsure,Dummy Text for BVisa Module question 'bvisa_questions_qid_3150' option 'Unsure'Dummy Text for BVisa Module question 'bvisa_questions_qid_3150' option 'Unsure'Dummy Text for BVisa Module question 'bvisa_questions_qid_3150' option 'Unsure'Dummy Text for BVisa Module question 'bvisa_questions_qid_3150' option 'Unsure'Dummy Text for BVisa Module question 'bvisa_questions_qid_3150' option 'Unsure',bvisa,bvisa_questions,en,Money Laundering,bvisa_questions_qid_3150,Unsure,0,0,caution,must work,NA,NA,0
96,bvisa_questions_qid_3150_i_prefer_not_to_say,Dummy Text for BVisa Module question 'bvisa_questions_qid_3150' option 'I prefer not to say'Dummy Text for BVisa Module question 'bvisa_questions_qid_3150' option 'I prefer not to say'Dummy Text for BVisa Module question 'bvisa_questions_qid_3150' option 'I prefer not to say'Dummy Text for BVisa Module question 'bvisa_questions_qid_3150' option 'I prefer not to say'Dummy Text for BVisa Module question 'bvisa_questions_qid_3150' option 'I prefer not to say',bvisa,bvisa_questions,en,Money Laundering,bvisa_questions_qid_3150,I prefer not to say,0,0,caution,must work,NA,NA,0
97,bvisa_questions_qid_3170_yes,Dummy Text for BVisa Module question 'bvisa_questions_qid_3170' option 'Yes'Dummy Text for BVisa Module question 'bvisa_questions_qid_3170' option 'Yes'Dummy Text for BVisa Module question 'bvisa_questions_qid_3170' option 'Yes'Dummy Text for BVisa Module question 'bvisa_questions_qid_3170' option 'Yes'Dummy Text for BVisa Module question 'bvisa_questions_qid_3170' option 'Yes',bvisa,bvisa_questions,en,Human Trafficker outside United States,bvisa_questions_qid_3170,Yes,0,0,caution,must work,NA,NA,0
98,bvisa_questions_qid_3170_no,Dummy Text for BVisa Module question 'bvisa_questions_qid_3170' option 'No'Dummy Text for BVisa Module question 'bvisa_questions_qid_3170' option 'No'Dummy Text for BVisa Module question 'bvisa_questions_qid_3170' option 'No'Dummy Text for BVisa Module question 'bvisa_questions_qid_3170' option 'No'Dummy Text for BVisa Module question 'bvisa_questions_qid_3170' option 'No',bvisa,bvisa_questions,en,Human Trafficker outside United States,bvisa_questions_qid_3170,No,0,0,caution,must work,NA,NA,0
99,bvisa_questions_qid_3170_unsure,Dummy Text for BVisa Module question 'bvisa_questions_qid_3170' option 'Unsure'Dummy Text for BVisa Module question 'bvisa_questions_qid_3170' option 'Unsure'Dummy Text for BVisa Module question 'bvisa_questions_qid_3170' option 'Unsure'Dummy Text for BVisa Module question 'bvisa_questions_qid_3170' option 'Unsure'Dummy Text for BVisa Module question 'bvisa_questions_qid_3170' option 'Unsure',bvisa,bvisa_questions,en,Human Trafficker outside United States,bvisa_questions_qid_3170,Unsure,0,0,caution,must work,NA,NA,0
100,bvisa_questions_qid_3170_i_prefer_not_to_say,Dummy Text for BVisa Module question 'bvisa_questions_qid_3170' option 'I prefer not to say'Dummy Text for BVisa Module question 'bvisa_questions_qid_3170' option 'I prefer not to say'Dummy Text for BVisa Module question 'bvisa_questions_qid_3170' option 'I prefer not to say'Dummy Text for BVisa Module question 'bvisa_questions_qid_3170' option 'I prefer not to say'Dummy Text for BVisa Module question 'bvisa_questions_qid_3170' option 'I prefer not to say',bvisa,bvisa_questions,en,Human Trafficker outside United States,bvisa_questions_qid_3170,I prefer not to say,0,0,caution,must work,NA,NA,0
101,bvisa_questions_qid_3190_yes,Dummy Text for BVisa Module question 'bvisa_questions_qid_3190' option 'Yes'Dummy Text for BVisa Module question 'bvisa_questions_qid_3190' option 'Yes'Dummy Text for BVisa Module question 'bvisa_questions_qid_3190' option 'Yes'Dummy Text for BVisa Module question 'bvisa_questions_qid_3190' option 'Yes'Dummy Text for BVisa Module question 'bvisa_questions_qid_3190' option 'Yes',bvisa,bvisa_questions,en,Human Trafficker in the United States,bvisa_questions_qid_3190,Yes,0,0,caution,must work,NA,NA,0
102,bvisa_questions_qid_3190_no,Dummy Text for BVisa Module question 'bvisa_questions_qid_3190' option 'No'Dummy Text for BVisa Module question 'bvisa_questions_qid_3190' option 'No'Dummy Text for BVisa Module question 'bvisa_questions_qid_3190' option 'No'Dummy Text for BVisa Module question 'bvisa_questions_qid_3190' option 'No'Dummy Text for BVisa Module question 'bvisa_questions_qid_3190' option 'No',bvisa,bvisa_questions,en,Human Trafficker in the United States,bvisa_questions_qid_3190,No,0,0,caution,must work,NA,NA,0
103,bvisa_questions_qid_3190_unsure,Dummy Text for BVisa Module question 'bvisa_questions_qid_3190' option 'Unsure'Dummy Text for BVisa Module question 'bvisa_questions_qid_3190' option 'Unsure'Dummy Text for BVisa Module question 'bvisa_questions_qid_3190' option 'Unsure'Dummy Text for BVisa Module question 'bvisa_questions_qid_3190' option 'Unsure'Dummy Text for BVisa Module question 'bvisa_questions_qid_3190' option 'Unsure',bvisa,bvisa_questions,en,Human Trafficker in the United States,bvisa_questions_qid_3190,Unsure,0,0,caution,must work,NA,NA,0
104,bvisa_questions_qid_3190_i_prefer_not_to_say,Dummy Text for BVisa Module question 'bvisa_questions_qid_3190' option 'I prefer not to say'Dummy Text for BVisa Module question 'bvisa_questions_qid_3190' option 'I prefer not to say'Dummy Text for BVisa Module question 'bvisa_questions_qid_3190' option 'I prefer not to say'Dummy Text for BVisa Module question 'bvisa_questions_qid_3190' option 'I prefer not to say'Dummy Text for BVisa Module question 'bvisa_questions_qid_3190' option 'I prefer not to say',bvisa,bvisa_questions,en,Human Trafficker in the United States,bvisa_questions_qid_3190,I prefer not to say,0,0,caution,must work,NA,NA,0
105,bvisa_questions_qid_3210_yes,Dummy Text for BVisa Module question 'bvisa_questions_qid_3210' option 'Yes'Dummy Text for BVisa Module question 'bvisa_questions_qid_3210' option 'Yes'Dummy Text for BVisa Module question 'bvisa_questions_qid_3210' option 'Yes'Dummy Text for BVisa Module question 'bvisa_questions_qid_3210' option 'Yes'Dummy Text for BVisa Module question 'bvisa_questions_qid_3210' option 'Yes',bvisa,bvisa_questions,en,Relative of Human Trafficker,bvisa_questions_qid_3210,Yes,0,0,caution,must work,NA,NA,0
106,bvisa_questions_qid_3210_no,Dummy Text for BVisa Module question 'bvisa_questions_qid_3210' option 'No'Dummy Text for BVisa Module question 'bvisa_questions_qid_3210' option 'No'Dummy Text for BVisa Module question 'bvisa_questions_qid_3210' option 'No'Dummy Text for BVisa Module question 'bvisa_questions_qid_3210' option 'No'Dummy Text for BVisa Module question 'bvisa_questions_qid_3210' option 'No',bvisa,bvisa_questions,en,Relative of Human Trafficker,bvisa_questions_qid_3210,No,0,0,caution,must work,NA,NA,0
107,bvisa_questions_qid_3210_unsure,Dummy Text for BVisa Module question 'bvisa_questions_qid_3210' option 'Unsure'Dummy Text for BVisa Module question 'bvisa_questions_qid_3210' option 'Unsure'Dummy Text for BVisa Module question 'bvisa_questions_qid_3210' option 'Unsure'Dummy Text for BVisa Module question 'bvisa_questions_qid_3210' option 'Unsure'Dummy Text for BVisa Module question 'bvisa_questions_qid_3210' option 'Unsure',bvisa,bvisa_questions,en,Relative of Human Trafficker,bvisa_questions_qid_3210,Unsure,0,0,caution,must work,NA,NA,0
108,bvisa_questions_qid_3210_i_prefer_not_to_say,Dummy Text for BVisa Module question 'bvisa_questions_qid_3210' option 'I prefer not to say'Dummy Text for BVisa Module question 'bvisa_questions_qid_3210' option 'I prefer not to say'Dummy Text for BVisa Module question 'bvisa_questions_qid_3210' option 'I prefer not to say'Dummy Text for BVisa Module question 'bvisa_questions_qid_3210' option 'I prefer not to say'Dummy Text for BVisa Module question 'bvisa_questions_qid_3210' option 'I prefer not to say',bvisa,bvisa_questions,en,Relative of Human Trafficker,bvisa_questions_qid_3210,I prefer not to say,0,0,caution,must work,NA,NA,0
109,bvisa_questions_qid_3230_yes,Dummy Text for BVisa Module question 'bvisa_questions_qid_3230' option 'Yes'Dummy Text for BVisa Module question 'bvisa_questions_qid_3230' option 'Yes'Dummy Text for BVisa Module question 'bvisa_questions_qid_3230' option 'Yes'Dummy Text for BVisa Module question 'bvisa_questions_qid_3230' option 'Yes'Dummy Text for BVisa Module question 'bvisa_questions_qid_3230' option 'Yes',bvisa,bvisa_questions,en,Esponage,bvisa_questions_qid_3230,Yes,0,0,caution,must work,NA,NA,0
110,bvisa_questions_qid_3230_no,Dummy Text for BVisa Module question 'bvisa_questions_qid_3230' option 'No'Dummy Text for BVisa Module question 'bvisa_questions_qid_3230' option 'No'Dummy Text for BVisa Module question 'bvisa_questions_qid_3230' option 'No'Dummy Text for BVisa Module question 'bvisa_questions_qid_3230' option 'No'Dummy Text for BVisa Module question 'bvisa_questions_qid_3230' option 'No',bvisa,bvisa_questions,en,Esponage,bvisa_questions_qid_3230,No,0,0,caution,must work,NA,NA,0
111,bvisa_questions_qid_3230_unsure,Dummy Text for BVisa Module question 'bvisa_questions_qid_3230' option 'Unsure'Dummy Text for BVisa Module question 'bvisa_questions_qid_3230' option 'Unsure'Dummy Text for BVisa Module question 'bvisa_questions_qid_3230' option 'Unsure'Dummy Text for BVisa Module question 'bvisa_questions_qid_3230' option 'Unsure'Dummy Text for BVisa Module question 'bvisa_questions_qid_3230' option 'Unsure',bvisa,bvisa_questions,en,Esponage,bvisa_questions_qid_3230,Unsure,0,0,caution,must work,NA,NA,0
112,bvisa_questions_qid_3230_i_prefer_not_to_say,Dummy Text for BVisa Module question 'bvisa_questions_qid_3230' option 'I prefer not to say'Dummy Text for BVisa Module question 'bvisa_questions_qid_3230' option 'I prefer not to say'Dummy Text for BVisa Module question 'bvisa_questions_qid_3230' option 'I prefer not to say'Dummy Text for BVisa Module question 'bvisa_questions_qid_3230' option 'I prefer not to say'Dummy Text for BVisa Module question 'bvisa_questions_qid_3230' option 'I prefer not to say',bvisa,bvisa_questions,en,Esponage,bvisa_questions_qid_3230,I prefer not to say,0,0,caution,must work,NA,NA,0
113,bvisa_questions_qid_3250_yes,Dummy Text for BVisa Module question 'bvisa_questions_qid_3250' option 'Yes'Dummy Text for BVisa Module question 'bvisa_questions_qid_3250' option 'Yes'Dummy Text for BVisa Module question 'bvisa_questions_qid_3250' option 'Yes'Dummy Text for BVisa Module question 'bvisa_questions_qid_3250' option 'Yes'Dummy Text for BVisa Module question 'bvisa_questions_qid_3250' option 'Yes',bvisa,bvisa_questions,en,Have you engage in terrorist activities?,bvisa_questions_qid_3250,Yes,0,0,caution,must work,NA,NA,0
114,bvisa_questions_qid_3250_no,Dummy Text for BVisa Module question 'bvisa_questions_qid_3250' option 'No'Dummy Text for BVisa Module question 'bvisa_questions_qid_3250' option 'No'Dummy Text for BVisa Module question 'bvisa_questions_qid_3250' option 'No'Dummy Text for BVisa Module question 'bvisa_questions_qid_3250' option 'No'Dummy Text for BVisa Module question 'bvisa_questions_qid_3250' option 'No',bvisa,bvisa_questions,en,Have you engage in terrorist activities?,bvisa_questions_qid_3250,No,0,0,caution,must work,NA,NA,0
115,bvisa_questions_qid_3250_unsure,Dummy Text for BVisa Module question 'bvisa_questions_qid_3250' option 'Unsure'Dummy Text for BVisa Module question 'bvisa_questions_qid_3250' option 'Unsure'Dummy Text for BVisa Module question 'bvisa_questions_qid_3250' option 'Unsure'Dummy Text for BVisa Module question 'bvisa_questions_qid_3250' option 'Unsure'Dummy Text for BVisa Module question 'bvisa_questions_qid_3250' option 'Unsure',bvisa,bvisa_questions,en,Have you engage in terrorist activities?,bvisa_questions_qid_3250,Unsure,0,0,caution,must work,NA,NA,0
116,bvisa_questions_qid_3250_i_prefer_not_to_say,Dummy Text for BVisa Module question 'bvisa_questions_qid_3250' option 'I prefer not to say'Dummy Text for BVisa Module question 'bvisa_questions_qid_3250' option 'I prefer not to say'Dummy Text for BVisa Module question 'bvisa_questions_qid_3250' option 'I prefer not to say'Dummy Text for BVisa Module question 'bvisa_questions_qid_3250' option 'I prefer not to say'Dummy Text for BVisa Module question 'bvisa_questions_qid_3250' option 'I prefer not to say',bvisa,bvisa_questions,en,Have you engage in terrorist activities?,bvisa_questions_qid_3250,I prefer not to say,0,0,caution,must work,NA,NA,0
117,bvisa_questions_qid_3270_yes,Dummy Text for BVisa Module question 'bvisa_questions_qid_3270' option 'Yes'Dummy Text for BVisa Module question 'bvisa_questions_qid_3270' option 'Yes'Dummy Text for BVisa Module question 'bvisa_questions_qid_3270' option 'Yes'Dummy Text for BVisa Module question 'bvisa_questions_qid_3270' option 'Yes'Dummy Text for BVisa Module question 'bvisa_questions_qid_3270' option 'Yes',bvisa,bvisa_questions,en,Have you ever provided financial assistance to support terrorism?,bvisa_questions_qid_3270,Yes,0,0,caution,must work,NA,NA,0
118,bvisa_questions_qid_3270_no,Dummy Text for BVisa Module question 'bvisa_questions_qid_3270' option 'No'Dummy Text for BVisa Module question 'bvisa_questions_qid_3270' option 'No'Dummy Text for BVisa Module question 'bvisa_questions_qid_3270' option 'No'Dummy Text for BVisa Module question 'bvisa_questions_qid_3270' option 'No'Dummy Text for BVisa Module question 'bvisa_questions_qid_3270' option 'No',bvisa,bvisa_questions,en,Have you ever provided financial assistance to support terrorism?,bvisa_questions_qid_3270,No,0,0,caution,must work,NA,NA,0
119,bvisa_questions_qid_3270_unsure,Dummy Text for BVisa Module question 'bvisa_questions_qid_3270' option 'Unsure'Dummy Text for BVisa Module question 'bvisa_questions_qid_3270' option 'Unsure'Dummy Text for BVisa Module question 'bvisa_questions_qid_3270' option 'Unsure'Dummy Text for BVisa Module question 'bvisa_questions_qid_3270' option 'Unsure'Dummy Text for BVisa Module question 'bvisa_questions_qid_3270' option 'Unsure',bvisa,bvisa_questions,en,Have you ever provided financial assistance to support terrorism?,bvisa_questions_qid_3270,Unsure,0,0,caution,must work,NA,NA,0
120,bvisa_questions_qid_3270_i_prefer_not_to_say,Dummy Text for BVisa Module question 'bvisa_questions_qid_3270' option 'I prefer not to say'Dummy Text for BVisa Module question 'bvisa_questions_qid_3270' option 'I prefer not to say'Dummy Text for BVisa Module question 'bvisa_questions_qid_3270' option 'I prefer not to say'Dummy Text for BVisa Module question 'bvisa_questions_qid_3270' option 'I prefer not to say'Dummy Text for BVisa Module question 'bvisa_questions_qid_3270' option 'I prefer not to say',bvisa,bvisa_questions,en,Have you ever provided financial assistance to support terrorism?,bvisa_questions_qid_3270,I prefer not to say,0,0,caution,must work,NA,NA,0
121,bvisa_questions_qid_3290_yes,Dummy Text for BVisa Module question 'bvisa_questions_qid_3290' option 'Yes'Dummy Text for BVisa Module question 'bvisa_questions_qid_3290' option 'Yes'Dummy Text for BVisa Module question 'bvisa_questions_qid_3290' option 'Yes'Dummy Text for BVisa Module question 'bvisa_questions_qid_3290' option 'Yes'Dummy Text for BVisa Module question 'bvisa_questions_qid_3290' option 'Yes',bvisa,bvisa_questions,en,Member of a terrorist organization,bvisa_questions_qid_3290,Yes,0,0,caution,must work,NA,NA,0
122,bvisa_questions_qid_3290_no,Dummy Text for BVisa Module question 'bvisa_questions_qid_3290' option 'No'Dummy Text for BVisa Module question 'bvisa_questions_qid_3290' option 'No'Dummy Text for BVisa Module question 'bvisa_questions_qid_3290' option 'No'Dummy Text for BVisa Module question 'bvisa_questions_qid_3290' option 'No'Dummy Text for BVisa Module question 'bvisa_questions_qid_3290' option 'No',bvisa,bvisa_questions,en,Member of a terrorist organization,bvisa_questions_qid_3290,No,0,0,caution,must work,NA,NA,0
123,bvisa_questions_qid_3290_unsure,Dummy Text for BVisa Module question 'bvisa_questions_qid_3290' option 'Unsure'Dummy Text for BVisa Module question 'bvisa_questions_qid_3290' option 'Unsure'Dummy Text for BVisa Module question 'bvisa_questions_qid_3290' option 'Unsure'Dummy Text for BVisa Module question 'bvisa_questions_qid_3290' option 'Unsure'Dummy Text for BVisa Module question 'bvisa_questions_qid_3290' option 'Unsure',bvisa,bvisa_questions,en,Member of a terrorist organization,bvisa_questions_qid_3290,Unsure,0,0,caution,must work,NA,NA,0
124,bvisa_questions_qid_3290_i_prefer_not_to_say,Dummy Text for BVisa Module question 'bvisa_questions_qid_3290' option 'I prefer not to say'Dummy Text for BVisa Module question 'bvisa_questions_qid_3290' option 'I prefer not to say'Dummy Text for BVisa Module question 'bvisa_questions_qid_3290' option 'I prefer not to say'Dummy Text for BVisa Module question 'bvisa_questions_qid_3290' option 'I prefer not to say'Dummy Text for BVisa Module question 'bvisa_questions_qid_3290' option 'I prefer not to say',bvisa,bvisa_questions,en,Member of a terrorist organization,bvisa_questions_qid_3290,I prefer not to say,0,0,caution,must work,NA,NA,0
125,bvisa_questions_qid_3310_yes,Dummy Text for BVisa Module question 'bvisa_questions_qid_3310' option 'Yes'Dummy Text for BVisa Module question 'bvisa_questions_qid_3310' option 'Yes'Dummy Text for BVisa Module question 'bvisa_questions_qid_3310' option 'Yes'Dummy Text for BVisa Module question 'bvisa_questions_qid_3310' option 'Yes'Dummy Text for BVisa Module question 'bvisa_questions_qid_3310' option 'Yes',bvisa,bvisa_questions,en,Have you ever participated in genocide?,bvisa_questions_qid_3310,Yes,0,0,caution,must work,NA,NA,0
126,bvisa_questions_qid_3310_no,Dummy Text for BVisa Module question 'bvisa_questions_qid_3310' option 'No'Dummy Text for BVisa Module question 'bvisa_questions_qid_3310' option 'No'Dummy Text for BVisa Module question 'bvisa_questions_qid_3310' option 'No'Dummy Text for BVisa Module question 'bvisa_questions_qid_3310' option 'No'Dummy Text for BVisa Module question 'bvisa_questions_qid_3310' option 'No',bvisa,bvisa_questions,en,Have you ever participated in genocide?,bvisa_questions_qid_3310,No,0,0,caution,must work,NA,NA,0
127,bvisa_questions_qid_3310_unsure,Dummy Text for BVisa Module question 'bvisa_questions_qid_3310' option 'Unsure'Dummy Text for BVisa Module question 'bvisa_questions_qid_3310' option 'Unsure'Dummy Text for BVisa Module question 'bvisa_questions_qid_3310' option 'Unsure'Dummy Text for BVisa Module question 'bvisa_questions_qid_3310' option 'Unsure'Dummy Text for BVisa Module question 'bvisa_questions_qid_3310' option 'Unsure',bvisa,bvisa_questions,en,Have you ever participated in genocide?,bvisa_questions_qid_3310,Unsure,0,0,caution,must work,NA,NA,0
128,bvisa_questions_qid_3310_i_prefer_not_to_say,Dummy Text for BVisa Module question 'bvisa_questions_qid_3310' option 'I prefer not to say'Dummy Text for BVisa Module question 'bvisa_questions_qid_3310' option 'I prefer not to say'Dummy Text for BVisa Module question 'bvisa_questions_qid_3310' option 'I prefer not to say'Dummy Text for BVisa Module question 'bvisa_questions_qid_3310' option 'I prefer not to say'Dummy Text for BVisa Module question 'bvisa_questions_qid_3310' option 'I prefer not to say',bvisa,bvisa_questions,en,Have you ever participated in genocide?,bvisa_questions_qid_3310,I prefer not to say,0,0,caution,must work,NA,NA,0
129,bvisa_questions_qid_3330_yes,Dummy Text for BVisa Module question 'bvisa_questions_qid_3330' option 'Yes'Dummy Text for BVisa Module question 'bvisa_questions_qid_3330' option 'Yes'Dummy Text for BVisa Module question 'bvisa_questions_qid_3330' option 'Yes'Dummy Text for BVisa Module question 'bvisa_questions_qid_3330' option 'Yes'Dummy Text for BVisa Module question 'bvisa_questions_qid_3330' option 'Yes',bvisa,bvisa_questions,en,Have you ever participated in torture?,bvisa_questions_qid_3330,Yes,0,0,caution,must work,NA,NA,0
130,bvisa_questions_qid_3330_no,Dummy Text for BVisa Module question 'bvisa_questions_qid_3330' option 'No'Dummy Text for BVisa Module question 'bvisa_questions_qid_3330' option 'No'Dummy Text for BVisa Module question 'bvisa_questions_qid_3330' option 'No'Dummy Text for BVisa Module question 'bvisa_questions_qid_3330' option 'No'Dummy Text for BVisa Module question 'bvisa_questions_qid_3330' option 'No',bvisa,bvisa_questions,en,Have you ever participated in torture?,bvisa_questions_qid_3330,No,0,0,caution,must work,NA,NA,0
131,bvisa_questions_qid_3330_unsure,Dummy Text for BVisa Module question 'bvisa_questions_qid_3330' option 'Unsure'Dummy Text for BVisa Module question 'bvisa_questions_qid_3330' option 'Unsure'Dummy Text for BVisa Module question 'bvisa_questions_qid_3330' option 'Unsure'Dummy Text for BVisa Module question 'bvisa_questions_qid_3330' option 'Unsure'Dummy Text for BVisa Module question 'bvisa_questions_qid_3330' option 'Unsure',bvisa,bvisa_questions,en,Have you ever participated in torture?,bvisa_questions_qid_3330,Unsure,0,0,caution,must work,NA,NA,0
132,bvisa_questions_qid_3330_i_prefer_not_to_say,Dummy Text for BVisa Module question 'bvisa_questions_qid_3330' option 'I prefer not to say'Dummy Text for BVisa Module question 'bvisa_questions_qid_3330' option 'I prefer not to say'Dummy Text for BVisa Module question 'bvisa_questions_qid_3330' option 'I prefer not to say'Dummy Text for BVisa Module question 'bvisa_questions_qid_3330' option 'I prefer not to say'Dummy Text for BVisa Module question 'bvisa_questions_qid_3330' option 'I prefer not to say',bvisa,bvisa_questions,en,Have you ever participated in torture?,bvisa_questions_qid_3330,I prefer not to say,0,0,caution,must work,NA,NA,0
133,bvisa_questions_qid_3350_yes,Dummy Text for BVisa Module question 'bvisa_questions_qid_3350' option 'Yes'Dummy Text for BVisa Module question 'bvisa_questions_qid_3350' option 'Yes'Dummy Text for BVisa Module question 'bvisa_questions_qid_3350' option 'Yes'Dummy Text for BVisa Module question 'bvisa_questions_qid_3350' option 'Yes'Dummy Text for BVisa Module question 'bvisa_questions_qid_3350' option 'Yes',bvisa,bvisa_questions,en,extrajudicial killings,bvisa_questions_qid_3350,Yes,0,0,caution,must work,NA,NA,0
134,bvisa_questions_qid_3350_no,Dummy Text for BVisa Module question 'bvisa_questions_qid_3350' option 'No'Dummy Text for BVisa Module question 'bvisa_questions_qid_3350' option 'No'Dummy Text for BVisa Module question 'bvisa_questions_qid_3350' option 'No'Dummy Text for BVisa Module question 'bvisa_questions_qid_3350' option 'No'Dummy Text for BVisa Module question 'bvisa_questions_qid_3350' option 'No',bvisa,bvisa_questions,en,extrajudicial killings,bvisa_questions_qid_3350,No,0,0,caution,must work,NA,NA,0
135,bvisa_questions_qid_3350_unsure,Dummy Text for BVisa Module question 'bvisa_questions_qid_3350' option 'Unsure'Dummy Text for BVisa Module question 'bvisa_questions_qid_3350' option 'Unsure'Dummy Text for BVisa Module question 'bvisa_questions_qid_3350' option 'Unsure'Dummy Text for BVisa Module question 'bvisa_questions_qid_3350' option 'Unsure'Dummy Text for BVisa Module question 'bvisa_questions_qid_3350' option 'Unsure',bvisa,bvisa_questions,en,extrajudicial killings,bvisa_questions_qid_3350,Unsure,0,0,caution,must work,NA,NA,0
136,bvisa_questions_qid_3350_i_prefer_not_to_say,Dummy Text for BVisa Module question 'bvisa_questions_qid_3350' option 'I prefer not to say'Dummy Text for BVisa Module question 'bvisa_questions_qid_3350' option 'I prefer not to say'Dummy Text for BVisa Module question 'bvisa_questions_qid_3350' option 'I prefer not to say'Dummy Text for BVisa Module question 'bvisa_questions_qid_3350' option 'I prefer not to say'Dummy Text for BVisa Module question 'bvisa_questions_qid_3350' option 'I prefer not to say',bvisa,bvisa_questions,en,extrajudicial killings,bvisa_questions_qid_3350,I prefer not to say,0,0,caution,must work,NA,NA,0
137,bvisa_questions_qid_3370_yes,Dummy Text for BVisa Module question 'bvisa_questions_qid_3370' option 'Yes'Dummy Text for BVisa Module question 'bvisa_questions_qid_3370' option 'Yes'Dummy Text for BVisa Module question 'bvisa_questions_qid_3370' option 'Yes'Dummy Text for BVisa Module question 'bvisa_questions_qid_3370' option 'Yes'Dummy Text for BVisa Module question 'bvisa_questions_qid_3370' option 'Yes',bvisa,bvisa_questions,en,Recruitment of Child Soldiers,bvisa_questions_qid_3370,Yes,0,0,caution,must work,NA,NA,0
138,bvisa_questions_qid_3370_no,Dummy Text for BVisa Module question 'bvisa_questions_qid_3370' option 'No'Dummy Text for BVisa Module question 'bvisa_questions_qid_3370' option 'No'Dummy Text for BVisa Module question 'bvisa_questions_qid_3370' option 'No'Dummy Text for BVisa Module question 'bvisa_questions_qid_3370' option 'No'Dummy Text for BVisa Module question 'bvisa_questions_qid_3370' option 'No',bvisa,bvisa_questions,en,Recruitment of Child Soldiers,bvisa_questions_qid_3370,No,0,0,caution,must work,NA,NA,0
139,bvisa_questions_qid_3370_unsure,Dummy Text for BVisa Module question 'bvisa_questions_qid_3370' option 'Unsure'Dummy Text for BVisa Module question 'bvisa_questions_qid_3370' option 'Unsure'Dummy Text for BVisa Module question 'bvisa_questions_qid_3370' option 'Unsure'Dummy Text for BVisa Module question 'bvisa_questions_qid_3370' option 'Unsure'Dummy Text for BVisa Module question 'bvisa_questions_qid_3370' option 'Unsure',bvisa,bvisa_questions,en,Recruitment of Child Soldiers,bvisa_questions_qid_3370,Unsure,0,0,caution,must work,NA,NA,0
140,bvisa_questions_qid_3370_i_prefer_not_to_say,Dummy Text for BVisa Module question 'bvisa_questions_qid_3370' option 'I prefer not to say'Dummy Text for BVisa Module question 'bvisa_questions_qid_3370' option 'I prefer not to say'Dummy Text for BVisa Module question 'bvisa_questions_qid_3370' option 'I prefer not to say'Dummy Text for BVisa Module question 'bvisa_questions_qid_3370' option 'I prefer not to say'Dummy Text for BVisa Module question 'bvisa_questions_qid_3370' option 'I prefer not to say',bvisa,bvisa_questions,en,Recruitment of Child Soldiers,bvisa_questions_qid_3370,I prefer not to say,0,0,caution,must work,NA,NA,0
141,bvisa_questions_qid_3390_yes,Dummy Text for BVisa Module question 'bvisa_questions_qid_3390' option 'Yes'Dummy Text for BVisa Module question 'bvisa_questions_qid_3390' option 'Yes'Dummy Text for BVisa Module question 'bvisa_questions_qid_3390' option 'Yes'Dummy Text for BVisa Module question 'bvisa_questions_qid_3390' option 'Yes'Dummy Text for BVisa Module question 'bvisa_questions_qid_3390' option 'Yes',bvisa,bvisa_questions,en,Severe Violations of Religious Freedom,bvisa_questions_qid_3390,Yes,0,0,caution,must work,NA,NA,0
142,bvisa_questions_qid_3390_no,Dummy Text for BVisa Module question 'bvisa_questions_qid_3390' option 'No'Dummy Text for BVisa Module question 'bvisa_questions_qid_3390' option 'No'Dummy Text for BVisa Module question 'bvisa_questions_qid_3390' option 'No'Dummy Text for BVisa Module question 'bvisa_questions_qid_3390' option 'No'Dummy Text for BVisa Module question 'bvisa_questions_qid_3390' option 'No',bvisa,bvisa_questions,en,Severe Violations of Religious Freedom,bvisa_questions_qid_3390,No,0,0,caution,must work,NA,NA,0
143,bvisa_questions_qid_3390_unsure,Dummy Text for BVisa Module question 'bvisa_questions_qid_3390' option 'Unsure'Dummy Text for BVisa Module question 'bvisa_questions_qid_3390' option 'Unsure'Dummy Text for BVisa Module question 'bvisa_questions_qid_3390' option 'Unsure'Dummy Text for BVisa Module question 'bvisa_questions_qid_3390' option 'Unsure'Dummy Text for BVisa Module question 'bvisa_questions_qid_3390' option 'Unsure',bvisa,bvisa_questions,en,Severe Violations of Religious Freedom,bvisa_questions_qid_3390,Unsure,0,0,caution,must work,NA,NA,0
144,bvisa_questions_qid_3390_i_prefer_not_to_say,Dummy Text for BVisa Module question 'bvisa_questions_qid_3390' option 'I prefer not to say'Dummy Text for BVisa Module question 'bvisa_questions_qid_3390' option 'I prefer not to say'Dummy Text for BVisa Module question 'bvisa_questions_qid_3390' option 'I prefer not to say'Dummy Text for BVisa Module question 'bvisa_questions_qid_3390' option 'I prefer not to say'Dummy Text for BVisa Module question 'bvisa_questions_qid_3390' option 'I prefer not to say',bvisa,bvisa_questions,en,Severe Violations of Religious Freedom,bvisa_questions_qid_3390,I prefer not to say,0,0,caution,must work,NA,NA,0
145,bvisa_questions_qid_3410_yes,Dummy Text for BVisa Module question 'bvisa_questions_qid_3410' option 'Yes'Dummy Text for BVisa Module question 'bvisa_questions_qid_3410' option 'Yes'Dummy Text for BVisa Module question 'bvisa_questions_qid_3410' option 'Yes'Dummy Text for BVisa Module question 'bvisa_questions_qid_3410' option 'Yes'Dummy Text for BVisa Module question 'bvisa_questions_qid_3410' option 'Yes',bvisa,bvisa_questions,en,Forced Abortions,bvisa_questions_qid_3410,Yes,0,0,caution,must work,NA,NA,0
146,bvisa_questions_qid_3410_no,Dummy Text for BVisa Module question 'bvisa_questions_qid_3410' option 'No'Dummy Text for BVisa Module question 'bvisa_questions_qid_3410' option 'No'Dummy Text for BVisa Module question 'bvisa_questions_qid_3410' option 'No'Dummy Text for BVisa Module question 'bvisa_questions_qid_3410' option 'No'Dummy Text for BVisa Module question 'bvisa_questions_qid_3410' option 'No',bvisa,bvisa_questions,en,Forced Abortions,bvisa_questions_qid_3410,No,0,0,caution,must work,NA,NA,0
147,bvisa_questions_qid_3410_unsure,Dummy Text for BVisa Module question 'bvisa_questions_qid_3410' option 'Unsure'Dummy Text for BVisa Module question 'bvisa_questions_qid_3410' option 'Unsure'Dummy Text for BVisa Module question 'bvisa_questions_qid_3410' option 'Unsure'Dummy Text for BVisa Module question 'bvisa_questions_qid_3410' option 'Unsure'Dummy Text for BVisa Module question 'bvisa_questions_qid_3410' option 'Unsure',bvisa,bvisa_questions,en,Forced Abortions,bvisa_questions_qid_3410,Unsure,0,0,caution,must work,NA,NA,0
148,bvisa_questions_qid_3410_i_prefer_not_to_say,Dummy Text for BVisa Module question 'bvisa_questions_qid_3410' option 'I prefer not to say'Dummy Text for BVisa Module question 'bvisa_questions_qid_3410' option 'I prefer not to say'Dummy Text for BVisa Module question 'bvisa_questions_qid_3410' option 'I prefer not to say'Dummy Text for BVisa Module question 'bvisa_questions_qid_3410' option 'I prefer not to say'Dummy Text for BVisa Module question 'bvisa_questions_qid_3410' option 'I prefer not to say',bvisa,bvisa_questions,en,Forced Abortions,bvisa_questions_qid_3410,I prefer not to say,0,0,caution,must work,NA,NA,0
149,bvisa_questions_qid_3430_yes,Dummy Text for BVisa Module question 'bvisa_questions_qid_3430' option 'Yes'Dummy Text for BVisa Module question 'bvisa_questions_qid_3430' option 'Yes'Dummy Text for BVisa Module question 'bvisa_questions_qid_3430' option 'Yes'Dummy Text for BVisa Module question 'bvisa_questions_qid_3430' option 'Yes'Dummy Text for BVisa Module question 'bvisa_questions_qid_3430' option 'Yes',bvisa,bvisa_questions,en,coercive transplantation of human organs,bvisa_questions_qid_3430,Yes,0,0,caution,must work,NA,NA,0
150,bvisa_questions_qid_3430_no,Dummy Text for BVisa Module question 'bvisa_questions_qid_3430' option 'No'Dummy Text for BVisa Module question 'bvisa_questions_qid_3430' option 'No'Dummy Text for BVisa Module question 'bvisa_questions_qid_3430' option 'No'Dummy Text for BVisa Module question 'bvisa_questions_qid_3430' option 'No'Dummy Text for BVisa Module question 'bvisa_questions_qid_3430' option 'No',bvisa,bvisa_questions,en,coercive transplantation of human organs,bvisa_questions_qid_3430,No,0,0,caution,must work,NA,NA,0
151,bvisa_questions_qid_3430_unsure,Dummy Text for BVisa Module question 'bvisa_questions_qid_3430' option 'Unsure'Dummy Text for BVisa Module question 'bvisa_questions_qid_3430' option 'Unsure'Dummy Text for BVisa Module question 'bvisa_questions_qid_3430' option 'Unsure'Dummy Text for BVisa Module question 'bvisa_questions_qid_3430' option 'Unsure'Dummy Text for BVisa Module question 'bvisa_questions_qid_3430' option 'Unsure',bvisa,bvisa_questions,en,coercive transplantation of human organs,bvisa_questions_qid_3430,Unsure,0,0,caution,must work,NA,NA,0
152,bvisa_questions_qid_3430_i_prefer_not_to_say,Dummy Text for BVisa Module question 'bvisa_questions_qid_3430' option 'I prefer not to say'Dummy Text for BVisa Module question 'bvisa_questions_qid_3430' option 'I prefer not to say'Dummy Text for BVisa Module question 'bvisa_questions_qid_3430' option 'I prefer not to say'Dummy Text for BVisa Module question 'bvisa_questions_qid_3430' option 'I prefer not to say'Dummy Text for BVisa Module question 'bvisa_questions_qid_3430' option 'I prefer not to say',bvisa,bvisa_questions,en,coercive transplantation of human organs,bvisa_questions_qid_3430,I prefer not to say,0,0,caution,must work,NA,NA,0
153,bvisa_questions_qid_3450_yes,Dummy Text for BVisa Module question 'bvisa_questions_qid_3450' option 'Yes'Dummy Text for BVisa Module question 'bvisa_questions_qid_3450' option 'Yes'Dummy Text for BVisa Module question 'bvisa_questions_qid_3450' option 'Yes'Dummy Text for BVisa Module question 'bvisa_questions_qid_3450' option 'Yes'Dummy Text for BVisa Module question 'bvisa_questions_qid_3450' option 'Yes',bvisa,bvisa_questions,en,Immigration Fraud,bvisa_questions_qid_3450,Yes,0,0,caution,must work,NA,NA,0
154,bvisa_questions_qid_3450_no,Dummy Text for BVisa Module question 'bvisa_questions_qid_3450' option 'No'Dummy Text for BVisa Module question 'bvisa_questions_qid_3450' option 'No'Dummy Text for BVisa Module question 'bvisa_questions_qid_3450' option 'No'Dummy Text for BVisa Module question 'bvisa_questions_qid_3450' option 'No'Dummy Text for BVisa Module question 'bvisa_questions_qid_3450' option 'No',bvisa,bvisa_questions,en,Immigration Fraud,bvisa_questions_qid_3450,No,0,0,caution,must work,NA,NA,0
155,bvisa_questions_qid_3450_unsure,Dummy Text for BVisa Module question 'bvisa_questions_qid_3450' option 'Unsure'Dummy Text for BVisa Module question 'bvisa_questions_qid_3450' option 'Unsure'Dummy Text for BVisa Module question 'bvisa_questions_qid_3450' option 'Unsure'Dummy Text for BVisa Module question 'bvisa_questions_qid_3450' option 'Unsure'Dummy Text for BVisa Module question 'bvisa_questions_qid_3450' option 'Unsure',bvisa,bvisa_questions,en,Immigration Fraud,bvisa_questions_qid_3450,Unsure,0,0,caution,must work,NA,NA,0
156,bvisa_questions_qid_3450_i_prefer_not_to_say,Dummy Text for BVisa Module question 'bvisa_questions_qid_3450' option 'I prefer not to say'Dummy Text for BVisa Module question 'bvisa_questions_qid_3450' option 'I prefer not to say'Dummy Text for BVisa Module question 'bvisa_questions_qid_3450' option 'I prefer not to say'Dummy Text for BVisa Module question 'bvisa_questions_qid_3450' option 'I prefer not to say'Dummy Text for BVisa Module question 'bvisa_questions_qid_3450' option 'I prefer not to say',bvisa,bvisa_questions,en,Immigration Fraud,bvisa_questions_qid_3450,I prefer not to say,0,0,caution,must work,NA,NA,0
157,bvisa_questions_qid_3470_yes,Dummy Text for BVisa Module question 'bvisa_questions_qid_3470' option 'Yes'Dummy Text for BVisa Module question 'bvisa_questions_qid_3470' option 'Yes'Dummy Text for BVisa Module question 'bvisa_questions_qid_3470' option 'Yes'Dummy Text for BVisa Module question 'bvisa_questions_qid_3470' option 'Yes'Dummy Text for BVisa Module question 'bvisa_questions_qid_3470' option 'Yes',bvisa,bvisa_questions,en,Withheld Custody of US Child,bvisa_questions_qid_3470,Yes,0,0,caution,must work,NA,NA,0
158,bvisa_questions_qid_3470_no,Dummy Text for BVisa Module question 'bvisa_questions_qid_3470' option 'No'Dummy Text for BVisa Module question 'bvisa_questions_qid_3470' option 'No'Dummy Text for BVisa Module question 'bvisa_questions_qid_3470' option 'No'Dummy Text for BVisa Module question 'bvisa_questions_qid_3470' option 'No'Dummy Text for BVisa Module question 'bvisa_questions_qid_3470' option 'No',bvisa,bvisa_questions,en,Withheld Custody of US Child,bvisa_questions_qid_3470,No,0,0,caution,must work,NA,NA,0
159,bvisa_questions_qid_3470_unsure,Dummy Text for BVisa Module question 'bvisa_questions_qid_3470' option 'Unsure'Dummy Text for BVisa Module question 'bvisa_questions_qid_3470' option 'Unsure'Dummy Text for BVisa Module question 'bvisa_questions_qid_3470' option 'Unsure'Dummy Text for BVisa Module question 'bvisa_questions_qid_3470' option 'Unsure'Dummy Text for BVisa Module question 'bvisa_questions_qid_3470' option 'Unsure',bvisa,bvisa_questions,en,Withheld Custody of US Child,bvisa_questions_qid_3470,Unsure,0,0,caution,must work,NA,NA,0
160,bvisa_questions_qid_3470_i_prefer_not_to_say,Dummy Text for BVisa Module question 'bvisa_questions_qid_3470' option 'I prefer not to say'Dummy Text for BVisa Module question 'bvisa_questions_qid_3470' option 'I prefer not to say'Dummy Text for BVisa Module question 'bvisa_questions_qid_3470' option 'I prefer not to say'Dummy Text for BVisa Module question 'bvisa_questions_qid_3470' option 'I prefer not to say'Dummy Text for BVisa Module question 'bvisa_questions_qid_3470' option 'I prefer not to say',bvisa,bvisa_questions,en,Withheld Custody of US Child,bvisa_questions_qid_3470,I prefer not to say,0,0,caution,must work,NA,NA,0
161,bvisa_questions_qid_3490_yes,Dummy Text for BVisa Module question 'bvisa_questions_qid_3490' option 'Yes'Dummy Text for BVisa Module question 'bvisa_questions_qid_3490' option 'Yes'Dummy Text for BVisa Module question 'bvisa_questions_qid_3490' option 'Yes'Dummy Text for BVisa Module question 'bvisa_questions_qid_3490' option 'Yes'Dummy Text for BVisa Module question 'bvisa_questions_qid_3490' option 'Yes',bvisa,bvisa_questions,en,Violated Voting Laws,bvisa_questions_qid_3490,Yes,0,0,caution,must work,NA,NA,0
162,bvisa_questions_qid_3490_no,Dummy Text for BVisa Module question 'bvisa_questions_qid_3490' option 'No'Dummy Text for BVisa Module question 'bvisa_questions_qid_3490' option 'No'Dummy Text for BVisa Module question 'bvisa_questions_qid_3490' option 'No'Dummy Text for BVisa Module question 'bvisa_questions_qid_3490' option 'No'Dummy Text for BVisa Module question 'bvisa_questions_qid_3490' option 'No',bvisa,bvisa_questions,en,Violated Voting Laws,bvisa_questions_qid_3490,No,0,0,caution,must work,NA,NA,0
163,bvisa_questions_qid_3490_unsure,Dummy Text for BVisa Module question 'bvisa_questions_qid_3490' option 'Unsure'Dummy Text for BVisa Module question 'bvisa_questions_qid_3490' option 'Unsure'Dummy Text for BVisa Module question 'bvisa_questions_qid_3490' option 'Unsure'Dummy Text for BVisa Module question 'bvisa_questions_qid_3490' option 'Unsure'Dummy Text for BVisa Module question 'bvisa_questions_qid_3490' option 'Unsure',bvisa,bvisa_questions,en,Violated Voting Laws,bvisa_questions_qid_3490,Unsure,0,0,caution,must work,NA,NA,0
164,bvisa_questions_qid_3490_i_prefer_not_to_say,Dummy Text for BVisa Module question 'bvisa_questions_qid_3490' option 'I prefer not to say'Dummy Text for BVisa Module question 'bvisa_questions_qid_3490' option 'I prefer not to say'Dummy Text for BVisa Module question 'bvisa_questions_qid_3490' option 'I prefer not to say'Dummy Text for BVisa Module question 'bvisa_questions_qid_3490' option 'I prefer not to say'Dummy Text for BVisa Module question 'bvisa_questions_qid_3490' option 'I prefer not to say',bvisa,bvisa_questions,en,Violated Voting Laws,bvisa_questions_qid_3490,I prefer not to say,0,0,caution,must work,NA,NA,0
165,bvisa_questions_qid_3510_yes,Dummy Text for BVisa Module question 'bvisa_questions_qid_3510' option 'Yes'Dummy Text for BVisa Module question 'bvisa_questions_qid_3510' option 'Yes'Dummy Text for BVisa Module question 'bvisa_questions_qid_3510' option 'Yes'Dummy Text for BVisa Module question 'bvisa_questions_qid_3510' option 'Yes'Dummy Text for BVisa Module question 'bvisa_questions_qid_3510' option 'Yes',bvisa,bvisa_questions,en,Have you ever Renounced your United States Citizenship?,bvisa_questions_qid_3510,Yes,0,0,caution,must work,NA,NA,0
166,bvisa_questions_qid_3510_no,Dummy Text for BVisa Module question 'bvisa_questions_qid_3510' option 'No'Dummy Text for BVisa Module question 'bvisa_questions_qid_3510' option 'No'Dummy Text for BVisa Module question 'bvisa_questions_qid_3510' option 'No'Dummy Text for BVisa Module question 'bvisa_questions_qid_3510' option 'No'Dummy Text for BVisa Module question 'bvisa_questions_qid_3510' option 'No',bvisa,bvisa_questions,en,Have you ever Renounced your United States Citizenship?,bvisa_questions_qid_3510,No,0,0,caution,must work,NA,NA,0
167,bvisa_questions_qid_3510_unsure,Dummy Text for BVisa Module question 'bvisa_questions_qid_3510' option 'Unsure'Dummy Text for BVisa Module question 'bvisa_questions_qid_3510' option 'Unsure'Dummy Text for BVisa Module question 'bvisa_questions_qid_3510' option 'Unsure'Dummy Text for BVisa Module question 'bvisa_questions_qid_3510' option 'Unsure'Dummy Text for BVisa Module question 'bvisa_questions_qid_3510' option 'Unsure',bvisa,bvisa_questions,en,Have you ever Renounced your United States Citizenship?,bvisa_questions_qid_3510,Unsure,0,0,caution,must work,NA,NA,0
168,bvisa_questions_qid_3510_i_prefer_not_to_say,Dummy Text for BVisa Module question 'bvisa_questions_qid_3510' option 'I prefer not to say'Dummy Text for BVisa Module question 'bvisa_questions_qid_3510' option 'I prefer not to say'Dummy Text for BVisa Module question 'bvisa_questions_qid_3510' option 'I prefer not to say'Dummy Text for BVisa Module question 'bvisa_questions_qid_3510' option 'I prefer not to say'Dummy Text for BVisa Module question 'bvisa_questions_qid_3510' option 'I prefer not to say',bvisa,bvisa_questions,en,Have you ever Renounced your United States Citizenship?,bvisa_questions_qid_3510,I prefer not to say,0,0,caution,must work,NA,NA,0
